{"type": "software_result", "databases": {"ResFinder-2.4.0": {"type": "database", "database_name": "ResFinder", "database_version": "2.4.0", "key": "ResFinder-2.4.0", "database_commit": "d3b2312c9db22ec33e5e93368a314dde9c17d4ab"}, "PointFinder-4.1.1": {"type": "database", "database_name": "PointFinder", "database_version": "4.1.1", "key": "PointFinder-4.1.1", "database_commit": "694919f59a38980204009e7ade76bf319cb7df0b"}}, "seq_regions": {"aac(6')-Iaa;;1;;NC_003197": {"type": "seq_region", "phenotypes": ["tobramycin", "amikacin"], "ref_database": ["ResFinder-2.4.0"], "gene": true, "ref_id": "aac(6')-Iaa_1_NC_003197", "name": "aac(6')-Iaa", "ref_acc": "NC_003197", "identity": 97.47126436781609, "alignment_length": 435, "ref_seq_length": 438, "ref_start_pos": 1, "ref_end_pos": 435, "query_id": "contig00011 len=161318 cov=56.2 corr=0 origname=NODE_11_length_161318_cov_56.154742_pilon sw=shovill-spades/1.1.0 date=20230202", "query_start_pos": 30035, "query_end_pos": 30469, "pmids": ["11677609"], "notes": ["Chromosomal, Crytpic gene in Salmonella sp."], "coverage": 99.31506849315068, "grade": 1, "key": "aac(6')-Iaa;;1;;NC_003197"}, "aph(6)-Id;;1;;M28829": {"type": "seq_region", "phenotypes": ["streptomycin"], "ref_database": ["ResFinder-2.4.0"], "gene": true, "ref_id": "aph(6)-Id_1_M28829", "name": "aph(6)-Id", "ref_acc": "M28829", "identity": 100.0, "alignment_length": 837, "ref_seq_length": 837, "ref_start_pos": 1, "ref_end_pos": 837, "query_id": "contig00054 len=1987 cov=103.5 corr=0 origname=NODE_54_length_1987_cov_103.496774_pilon sw=shovill-spades/1.1.0 date=20230202", "query_start_pos": 136, "query_end_pos": 972, "pmids": ["2653965"], "notes": ["Alternative name strB"], "coverage": 100.0, "grade": 3, "key": "aph(6)-Id;;1;;M28829"}, "aph(3'')-Ib;;5;;AF321551": {"type": "seq_region", "phenotypes": ["streptomycin"], "ref_database": ["ResFinder-2.4.0"], "gene": true, "ref_id": "aph(3'')-Ib_5_AF321551", "name": "aph(3'')-Ib", "ref_acc": "AF321551", "identity": 99.87562189054727, "alignment_length": 804, "ref_seq_length": 804, "ref_start_pos": 1, "ref_end_pos": 804, "query_id": "contig00054 len=1987 cov=103.5 corr=0 origname=NODE_54_length_1987_cov_103.496774_pilon sw=shovill-spades/1.1.0 date=20230202", "query_start_pos": 972, "query_end_pos": 1775, "pmids": ["12029529"], "notes": ["Alternative name strA"], "coverage": 100.0, "grade": 2, "key": "aph(3'')-Ib;;5;;AF321551"}, "blaCTX-M-15;;1;;AY044436": {"type": "seq_region", "phenotypes": ["amoxicillin", "ampicillin", "cefepime", "cefotaxime", "ceftazidime", "piperacillin", "aztreonam", "ticarcillin", "ceftriaxone"], "ref_database": ["ResFinder-2.4.0"], "gene": true, "ref_id": "blaCTX-M-15_1_AY044436", "name": "blaCTX-M-15", "ref_acc": "AY044436", "identity": 100.0, "alignment_length": 876, "ref_seq_length": 876, "ref_start_pos": 1, "ref_end_pos": 876, "query_id": "contig00038 len=17711 cov=49.8 corr=0 origname=NODE_38_length_17711_cov_49.751649_pilon sw=shovill-spades/1.1.0 date=20230202", "query_start_pos": 14324, "query_end_pos": 15199, "pmids": ["11470367", "26169409"], "notes": ["Class A"], "coverage": 100.0, "grade": 3, "key": "blaCTX-M-15;;1;;AY044436"}, "blaTEM-1B;;1;;AY458016": {"type": "seq_region", "phenotypes": ["amoxicillin", "ampicillin", "piperacillin", "ticarcillin", "cephalothin"], "ref_database": ["ResFinder-2.4.0"], "gene": true, "ref_id": "blaTEM-1B_1_AY458016", "name": "blaTEM-1B", "ref_acc": "AY458016", "identity": 100.0, "alignment_length": 861, "ref_seq_length": 861, "ref_start_pos": 1, "ref_end_pos": 861, "query_id": "contig00058 len=1445 cov=134.4 corr=0 origname=NODE_58_length_1445_cov_134.427921_pilon sw=shovill-spades/1.1.0 date=20230202", "query_start_pos": 437, "query_end_pos": 1297, "pmids": ["15388431"], "notes": ["Class A"], "coverage": 100.0, "grade": 3, "key": "blaTEM-1B;;1;;AY458016"}, "catA1;;1;;V00622": {"type": "seq_region", "phenotypes": ["chloramphenicol"], "ref_database": ["ResFinder-2.4.0"], "gene": true, "ref_id": "catA1_1_V00622", "name": "catA1", "ref_acc": "V00622", "identity": 99.84848484848486, "alignment_length": 660, "ref_seq_length": 660, "ref_start_pos": 1, "ref_end_pos": 660, "query_id": "contig00041 len=9223 cov=79.8 corr=0 origname=NODE_41_length_9223_cov_79.784850_pilon sw=shovill-spades/1.1.0 date=20230202", "query_start_pos": 349, "query_end_pos": 1008, "pmids": ["390403"], "notes": ["Chloramphenicol acetyltransferase"], "coverage": 100.0, "grade": 2, "key": "catA1;;1;;V00622"}, "qnrS1;;1;;AB187515": {"type": "seq_region", "phenotypes": ["ciprofloxacin"], "ref_database": ["ResFinder-2.4.0"], "gene": true, "ref_id": "qnrS1_1_AB187515", "name": "qnrS1", "ref_acc": "AB187515", "identity": 100.0, "alignment_length": 657, "ref_seq_length": 657, "ref_start_pos": 1, "ref_end_pos": 657, "query_id": "contig00038 len=17711 cov=49.8 corr=0 origname=NODE_38_length_17711_cov_49.751649_pilon sw=shovill-spades/1.1.0 date=20230202", "query_start_pos": 9027, "query_end_pos": 9683, "pmids": ["18426894"], "notes": [""], "coverage": 100.0, "grade": 3, "key": "qnrS1;;1;;AB187515"}, "sul1;;2;;U12338": {"type": "seq_region", "phenotypes": ["sulfamethoxazole"], "ref_database": ["ResFinder-2.4.0"], "gene": true, "ref_id": "sul1_2_U12338", "name": "sul1", "ref_acc": "U12338", "identity": 100.0, "alignment_length": 840, "ref_seq_length": 840, "ref_start_pos": 1, "ref_end_pos": 840, "query_id": "contig00041 len=9223 cov=79.8 corr=0 origname=NODE_41_length_9223_cov_79.784850_pilon sw=shovill-spades/1.1.0 date=20230202", "query_start_pos": 8076, "query_end_pos": 8915, "pmids": ["unpublished"], "notes": [""], "coverage": 100.0, "grade": 3, "key": "sul1;;2;;U12338"}, "sul2;;21;;AB366440": {"type": "seq_region", "phenotypes": ["sulfamethoxazole"], "ref_database": ["ResFinder-2.4.0"], "gene": true, "ref_id": "sul2_21_AB366440", "name": "sul2", "ref_acc": "AB366440", "identity": 100.0, "alignment_length": 594, "ref_seq_length": 816, "ref_start_pos": 198, "ref_end_pos": 791, "query_id": "contig00068 len=594 cov=129.4 corr=0 origname=NODE_68_length_594_cov_129.398287_pilon sw=shovill-spades/1.1.0 date=20230202", "query_start_pos": 1, "query_end_pos": 594, "pmids": ["unpublished"], "notes": [""], "coverage": 72.79411764705883, "grade": 1, "key": "sul2;;21;;AB366440"}, "sul2;;20;;AJ830710": {"type": "seq_region", "phenotypes": ["sulfamethoxazole"], "ref_database": ["ResFinder-2.4.0"], "gene": true, "ref_id": "sul2_20_AJ830710", "name": "sul2", "ref_acc": "AJ830710", "identity": 100.0, "alignment_length": 594, "ref_seq_length": 816, "ref_start_pos": 198, "ref_end_pos": 791, "query_id": "contig00068 len=594 cov=129.4 corr=0 origname=NODE_68_length_594_cov_129.398287_pilon sw=shovill-spades/1.1.0 date=20230202", "query_start_pos": 1, "query_end_pos": 594, "pmids": ["18190962"], "notes": [""], "coverage": 72.79411764705883, "grade": 1, "key": "sul2;;20;;AJ830710"}, "sul2;;14;;AJ514834": {"type": "seq_region", "phenotypes": ["sulfamethoxazole"], "ref_database": ["ResFinder-2.4.0"], "gene": true, "ref_id": "sul2_14_AJ514834", "name": "sul2", "ref_acc": "AJ514834", "identity": 100.0, "alignment_length": 594, "ref_seq_length": 819, "ref_start_pos": 198, "ref_end_pos": 791, "query_id": "contig00068 len=594 cov=129.4 corr=0 origname=NODE_68_length_594_cov_129.398287_pilon sw=shovill-spades/1.1.0 date=20230202", "query_start_pos": 1, "query_end_pos": 594, "pmids": ["12937006"], "notes": [""], "coverage": 72.52747252747253, "grade": 1, "key": "sul2;;14;;AJ514834"}, "sul2;;9;;FJ197818": {"type": "seq_region", "phenotypes": ["sulfamethoxazole"], "ref_database": ["ResFinder-2.4.0"], "gene": true, "ref_id": "sul2_9_FJ197818", "name": "sul2", "ref_acc": "FJ197818", "identity": 100.0, "alignment_length": 594, "ref_seq_length": 852, "ref_start_pos": 198, "ref_end_pos": 791, "query_id": "contig00068 len=594 cov=129.4 corr=0 origname=NODE_68_length_594_cov_129.398287_pilon sw=shovill-spades/1.1.0 date=20230202", "query_start_pos": 1, "query_end_pos": 594, "pmids": ["22888274"], "notes": [""], "coverage": 69.71830985915493, "grade": 1, "key": "sul2;;9;;FJ197818"}, "sul2;;8;;AJ877041": {"type": "seq_region", "phenotypes": ["sulfamethoxazole"], "ref_database": ["ResFinder-2.4.0"], "gene": true, "ref_id": "sul2_8_AJ877041", "name": "sul2", "ref_acc": "AJ877041", "identity": 100.0, "alignment_length": 594, "ref_seq_length": 852, "ref_start_pos": 198, "ref_end_pos": 791, "query_id": "contig00068 len=594 cov=129.4 corr=0 origname=NODE_68_length_594_cov_129.398287_pilon sw=shovill-spades/1.1.0 date=20230202", "query_start_pos": 1, "query_end_pos": 594, "pmids": ["18190962"], "notes": [""], "coverage": 69.71830985915493, "grade": 1, "key": "sul2;;8;;AJ877041"}, "sul2;;6;;FN995456": {"type": "seq_region", "phenotypes": ["sulfamethoxazole"], "ref_database": ["ResFinder-2.4.0"], "gene": true, "ref_id": "sul2_6_FN995456", "name": "sul2", "ref_acc": "FN995456", "identity": 100.0, "alignment_length": 594, "ref_seq_length": 816, "ref_start_pos": 198, "ref_end_pos": 791, "query_id": "contig00068 len=594 cov=129.4 corr=0 origname=NODE_68_length_594_cov_129.398287_pilon sw=shovill-spades/1.1.0 date=20230202", "query_start_pos": 1, "query_end_pos": 594, "pmids": ["22888274"], "notes": [""], "coverage": 72.79411764705883, "grade": 1, "key": "sul2;;6;;FN995456"}, "sul2;;3;;HQ840942": {"type": "seq_region", "phenotypes": ["sulfamethoxazole"], "ref_database": ["ResFinder-2.4.0"], "gene": true, "ref_id": "sul2_3_HQ840942", "name": "sul2", "ref_acc": "HQ840942", "identity": 100.0, "alignment_length": 594, "ref_seq_length": 816, "ref_start_pos": 198, "ref_end_pos": 791, "query_id": "contig00068 len=594 cov=129.4 corr=0 origname=NODE_68_length_594_cov_129.398287_pilon sw=shovill-spades/1.1.0 date=20230202", "query_start_pos": 1, "query_end_pos": 594, "pmids": ["22888274"], "notes": [""], "coverage": 72.79411764705883, "grade": 1, "key": "sul2;;3;;HQ840942"}, "sul2;;2;;AY034138": {"type": "seq_region", "phenotypes": ["sulfamethoxazole"], "ref_database": ["ResFinder-2.4.0"], "gene": true, "ref_id": "sul2_2_AY034138", "name": "sul2", "ref_acc": "AY034138", "identity": 100.0, "alignment_length": 594, "ref_seq_length": 816, "ref_start_pos": 198, "ref_end_pos": 791, "query_id": "contig00068 len=594 cov=129.4 corr=0 origname=NODE_68_length_594_cov_129.398287_pilon sw=shovill-spades/1.1.0 date=20230202", "query_start_pos": 1, "query_end_pos": 594, "pmids": ["11600347"], "notes": [""], "coverage": 72.79411764705883, "grade": 1, "key": "sul2;;2;;AY034138"}, "dfrA7;;1;;AB161450": {"type": "seq_region", "phenotypes": ["trimethoprim"], "ref_database": ["ResFinder-2.4.0"], "gene": true, "ref_id": "dfrA7_1_AB161450", "name": "dfrA7", "ref_acc": "AB161450", "identity": 100.0, "alignment_length": 474, "ref_seq_length": 474, "ref_start_pos": 1, "ref_end_pos": 474, "query_id": "contig00041 len=9223 cov=79.8 corr=0 origname=NODE_41_length_9223_cov_79.784850_pilon sw=shovill-spades/1.1.0 date=20230202", "query_start_pos": 7032, "query_end_pos": 7505, "pmids": ["unpublished"], "notes": [""], "coverage": 100.0, "grade": 3, "key": "dfrA7;;1;;AB161450"}, "acrB;;1;;CP000026.1": {"type": "seq_region", "phenotypes": [], "ref_database": ["PointFinder-4.1.1"], "gene": true, "ref_id": "acrB_1_CP000026.1", "name": "acrB", "ref_acc": "CP000026.1", "identity": 99.23809523809524, "alignment_length": 3150, "ref_seq_length": 3150, "ref_start_pos": 1, "ref_end_pos": 3150, "query_id": "contig00014 len=149395 cov=64.9 corr=0 origname=NODE_14_length_149395_cov_64.853726_pilon sw=shovill-spades/1.1.0 date=20230202", "query_start_pos": 14283, "query_end_pos": 17432, "pmids": [], "notes": [], "coverage": 100.0, "grade": 2, "key": "acrB;;1;;CP000026.1"}, "pmrA;;1;;CP055130.1": {"type": "seq_region", "phenotypes": [], "ref_database": ["PointFinder-4.1.1"], "gene": true, "ref_id": "pmrA_1_CP055130.1", "name": "pmrA", "ref_acc": "CP055130.1", "identity": 98.80418535127056, "alignment_length": 669, "ref_seq_length": 669, "ref_start_pos": 1, "ref_end_pos": 669, "query_id": "contig00006 len=222160 cov=76.3 corr=0 origname=NODE_6_length_222160_cov_76.261547_pilon sw=shovill-spades/1.1.0 date=20230202", "query_start_pos": 105149, "query_end_pos": 105817, "pmids": [], "notes": [], "coverage": 100.0, "grade": 2, "key": "pmrA;;1;;CP055130.1"}, "pmrB;;1;;CP051284.1": {"type": "seq_region", "phenotypes": [], "ref_database": ["PointFinder-4.1.1"], "gene": true, "ref_id": "pmrB_1_CP051284.1", "name": "pmrB", "ref_acc": "CP051284.1", "identity": 98.69281045751634, "alignment_length": 1071, "ref_seq_length": 1071, "ref_start_pos": 1, "ref_end_pos": 1071, "query_id": "contig00006 len=222160 cov=76.3 corr=0 origname=NODE_6_length_222160_cov_76.261547_pilon sw=shovill-spades/1.1.0 date=20230202", "query_start_pos": 105827, "query_end_pos": 106897, "pmids": [], "notes": [], "coverage": 100.0, "grade": 2, "key": "pmrB;;1;;CP051284.1"}, "gyrA;;1;;MH933946.1": {"type": "seq_region", "phenotypes": [], "ref_database": ["PointFinder-4.1.1"], "gene": true, "ref_id": "gyrA_1_MH933946.1", "name": "gyrA", "ref_acc": "MH933946.1", "identity": 98.02806219188471, "alignment_length": 2637, "ref_seq_length": 2637, "ref_start_pos": 1, "ref_end_pos": 2637, "query_id": "contig00016 len=144787 cov=64.2 corr=0 origname=NODE_16_length_144787_cov_64.178619_pilon sw=shovill-spades/1.1.0 date=20230202", "query_start_pos": 141984, "query_end_pos": 144620, "pmids": [], "notes": [], "coverage": 100.0, "grade": 2, "key": "gyrA;;1;;MH933946.1"}, "gyrB;;1;;CP050716.1": {"type": "seq_region", "phenotypes": [], "ref_database": ["PointFinder-4.1.1"], "gene": true, "ref_id": "gyrB_1_CP050716.1", "name": "gyrB", "ref_acc": "CP050716.1", "identity": 98.21946169772256, "alignment_length": 2415, "ref_seq_length": 2415, "ref_start_pos": 1, "ref_end_pos": 2415, "query_id": "contig00020 len=66314 cov=79.4 corr=0 origname=NODE_20_length_66314_cov_79.416260_pilon sw=shovill-spades/1.1.0 date=20230202", "query_start_pos": 59639, "query_end_pos": 62053, "pmids": [], "notes": [], "coverage": 100.0, "grade": 2, "key": "gyrB;;1;;CP050716.1"}, "parC;;1;;CP050716.1": {"type": "seq_region", "phenotypes": [], "ref_database": ["PointFinder-4.1.1"], "gene": true, "ref_id": "parC_1_CP050716.1", "name": "parC", "ref_acc": "CP050716.1", "identity": 99.24745462594068, "alignment_length": 2259, "ref_seq_length": 2259, "ref_start_pos": 1, "ref_end_pos": 2259, "query_id": "contig00004 len=249637 cov=73.2 corr=0 origname=NODE_4_length_249637_cov_73.224620_pilon sw=shovill-spades/1.1.0 date=20230202", "query_start_pos": 175902, "query_end_pos": 178160, "pmids": [], "notes": [], "coverage": 100.0, "grade": 2, "key": "parC;;1;;CP050716.1"}, "parE;;1;;CP050716.1": {"type": "seq_region", "phenotypes": [], "ref_database": ["PointFinder-4.1.1"], "gene": true, "ref_id": "parE_1_CP050716.1", "name": "parE", "ref_acc": "CP050716.1", "identity": 99.3660855784469, "alignment_length": 1893, "ref_seq_length": 1893, "ref_start_pos": 1, "ref_end_pos": 1893, "query_id": "contig00004 len=249637 cov=73.2 corr=0 origname=NODE_4_length_249637_cov_73.224620_pilon sw=shovill-spades/1.1.0 date=20230202", "query_start_pos": 169254, "query_end_pos": 171146, "pmids": [], "notes": [], "coverage": 100.0, "grade": 2, "key": "parE;;1;;CP050716.1"}, "16S-rrsD;;1;;CP049983.1": {"type": "seq_region", "phenotypes": [], "ref_database": ["PointFinder-4.1.1"], "gene": true, "ref_id": "16S-rrsD_1_CP049983.1", "name": "16S-rrsD", "ref_acc": "CP049983.1", "identity": 99.60474308300395, "alignment_length": 1265, "ref_seq_length": 1544, "ref_start_pos": 1, "ref_end_pos": 1265, "query_id": "contig00057 len=1450 cov=522.2 corr=0 origname=NODE_57_length_1450_cov_522.182162_pilon sw=shovill-spades/1.1.0 date=20230202", "query_start_pos": 1, "query_end_pos": 1265, "pmids": [], "notes": [], "coverage": 81.93005181347151, "grade": 1, "key": "16S-rrsD;;1;;CP049983.1"}, "16S-rrsD;;1;;CP049983.1;;ktee": {"type": "seq_region", "phenotypes": [], "ref_database": ["PointFinder-4.1.1"], "gene": true, "ref_id": "16S-rrsD_1_CP049983.1", "name": "16S-rrsD", "ref_acc": "CP049983.1", "identity": 99.75308641975309, "alignment_length": 405, "ref_seq_length": 1544, "ref_start_pos": 1140, "ref_end_pos": 1544, "query_id": "contig00063 len=923 cov=298.8 corr=0 origname=NODE_63_length_923_cov_298.800251_pilon sw=shovill-spades/1.1.0 date=20230202", "query_start_pos": 518, "query_end_pos": 922, "pmids": [], "notes": [], "coverage": 26.230569948186528, "grade": 1, "key": "16S-rrsD;;1;;CP049983.1;;ktee"}, "16S-rrsD;;1;;CP049983.1;;wewy": {"type": "seq_region", "phenotypes": [], "ref_database": ["PointFinder-4.1.1"], "gene": true, "ref_id": "16S-rrsD_1_CP049983.1", "name": "16S-rrsD", "ref_acc": "CP049983.1", "identity": 100.0, "alignment_length": 81, "ref_seq_length": 1544, "ref_start_pos": 1464, "ref_end_pos": 1544, "query_id": "contig00070 len=437 cov=244.6 corr=0 origname=NODE_70_length_437_cov_244.577419_pilon sw=shovill-spades/1.1.0 date=20230202", "query_start_pos": 1, "query_end_pos": 81, "pmids": [], "notes": [], "coverage": 5.246113989637306, "grade": 1, "key": "16S-rrsD;;1;;CP049983.1;;wewy"}, "16S-rrsD;;1;;CP049983.1;;nmye": {"type": "seq_region", "phenotypes": [], "ref_database": ["PointFinder-4.1.1"], "gene": true, "ref_id": "16S-rrsD_1_CP049983.1", "name": "16S-rrsD", "ref_acc": "CP049983.1", "identity": 99.53917050691244, "alignment_length": 217, "ref_seq_length": 1544, "ref_start_pos": 1328, "ref_end_pos": 1544, "query_id": "contig00081 len=255 cov=315.4 corr=0 origname=NODE_77_length_255_cov_315.414062_pilon sw=shovill-spades/1.1.0 date=20230202", "query_start_pos": 39, "query_end_pos": 255, "pmids": [], "notes": [], "coverage": 14.05440414507772, "grade": 1, "key": "16S-rrsD;;1;;CP049983.1;;nmye"}, "16S-rrsD;;1;;CP049983.1;;ywoj": {"type": "seq_region", "phenotypes": [], "ref_database": ["PointFinder-4.1.1"], "gene": true, "ref_id": "16S-rrsD_1_CP049983.1", "name": "16S-rrsD", "ref_acc": "CP049983.1", "identity": 100.0, "alignment_length": 254, "ref_seq_length": 1544, "ref_start_pos": 1140, "ref_end_pos": 1393, "query_id": "contig00082 len=255 cov=281.7 corr=0 origname=NODE_78_length_255_cov_281.726562_pilon sw=shovill-spades/1.1.0 date=20230202", "query_start_pos": 1, "query_end_pos": 254, "pmids": [], "notes": [], "coverage": 16.45077720207254, "grade": 1, "key": "16S-rrsD;;1;;CP049983.1;;ywoj"}}, "seq_variations": {"gyrA;;1;;MH933946.1;;83;;f": {"type": "seq_variation", "ref_database": "PointFinder-4.1.1", "seq_regions": ["gyrA;;1;;MH933946.1"], "phenotypes": ["ciprofloxacin", "nalidixic acid"], "seq_var": "p.S83F", "ref_codon": "tcc", "var_codon": "ttc", "codon_change": "tcc>ttc", "nuc_change": "f", "ref_aa": "s", "var_aa": "f", "ref_start_pos": 83, "ref_end_pos": 83, "substitution": true, "deletion": false, "insertion": false, "ref_id": "gyrA;;1;;MH933946.1_83_f", "key": "gyrA;;1;;MH933946.1;;83;;f", "pmids": ["7492118", "10471553"], "notes": [""]}}, "phenotypes": {"gentamicin": {"type": "phenotype", "amr_classes": ["aminoglycoside"], "seq_regions": [], "seq_variations": [], "ref_database": [], "category": "amr", "key": "gentamicin", "amr_resistance": "gentamicin", "amr_resistant": false, "amr_species_relevant": true, "grade": 0}, "tobramycin": {"type": "phenotype", "amr_classes": ["aminoglycoside"], "seq_regions": ["aac(6')-Iaa;;1;;NC_003197"], "seq_variations": [], "ref_database": ["ResFinder-2.4.0"], "category": "amr", "key": "tobramycin", "amr_resistance": "tobramycin", "amr_resistant": true, "amr_species_relevant": true, "grade": 1}, "streptomycin": {"type": "phenotype", "amr_classes": ["aminoglycoside"], "seq_regions": ["aph(6)-Id;;1;;M28829", "aph(3'')-Ib;;5;;AF321551"], "seq_variations": [], "ref_database": ["ResFinder-2.4.0"], "category": "amr", "key": "streptomycin", "amr_resistance": "streptomycin", "amr_resistant": true, "amr_species_relevant": false, "grade": 3}, "amikacin": {"type": "phenotype", "amr_classes": ["aminoglycoside"], "seq_regions": ["aac(6')-Iaa;;1;;NC_003197"], "seq_variations": [], "ref_database": ["ResFinder-2.4.0"], "category": "amr", "key": "amikacin", "amr_resistance": "amikacin", "amr_resistant": true, "amr_species_relevant": true, "grade": 1}, "isepamicin": {"type": "phenotype", "amr_classes": ["aminoglycoside"], "seq_regions": [], "seq_variations": [], "ref_database": [], "category": "amr", "key": "isepamicin", "amr_resistance": "isepamicin", "amr_resistant": false, "amr_species_relevant": false, "grade": 0}, "dibekacin": {"type": "phenotype", "amr_classes": ["aminoglycoside"], "seq_regions": [], "seq_variations": [], "ref_database": [], "category": "amr", "key": "dibekacin", "amr_resistance": "dibekacin", "amr_resistant": false, "amr_species_relevant": false, "grade": 0}, "kanamycin": {"type": "phenotype", "amr_classes": ["aminoglycoside"], "seq_regions": [], "seq_variations": [], "ref_database": [], "category": "amr", "key": "kanamycin", "amr_resistance": "kanamycin", "amr_resistant": false, "amr_species_relevant": false, "grade": 0}, "neomycin": {"type": "phenotype", "amr_classes": ["aminoglycoside"], "seq_regions": [], "seq_variations": [], "ref_database": [], "category": "amr", "key": "neomycin", "amr_resistance": "neomycin", "amr_resistant": false, "amr_species_relevant": false, "grade": 0}, "lividomycin": {"type": "phenotype", "amr_classes": ["aminoglycoside"], "seq_regions": [], "seq_variations": [], "ref_database": [], "category": "amr", "key": "lividomycin", "amr_resistance": "lividomycin", "amr_resistant": false, "amr_species_relevant": false, "grade": 0}, "paromomycin": {"type": "phenotype", "amr_classes": ["aminoglycoside"], "seq_regions": [], "seq_variations": [], "ref_database": [], "category": "amr", "key": "paromomycin", "amr_resistance": "paromomycin", "amr_resistant": false, "amr_species_relevant": false, "grade": 0}, "ribostamycin": {"type": "phenotype", "amr_classes": ["aminoglycoside"], "seq_regions": [], "seq_variations": [], "ref_database": [], "category": "amr", "key": "ribostamycin", "amr_resistance": "ribostamycin", "amr_resistant": false, "amr_species_relevant": false, "grade": 0}, "unknown aminoglycoside": {"type": "phenotype", "amr_classes": ["aminoglycoside"], "seq_regions": [], "seq_variations": [], "ref_database": [], "category": "amr", "key": "unknown aminoglycoside", "amr_resistance": "unknown aminoglycoside", "amr_resistant": false, "amr_species_relevant": false, "grade": 0}, "butiromycin": {"type": "phenotype", "amr_classes": ["aminoglycoside"], "seq_regions": [], "seq_variations": [], "ref_database": [], "category": "amr", "key": "butiromycin", "amr_resistance": "butiromycin", "amr_resistant": false, "amr_species_relevant": false, "grade": 0}, "butirosin": {"type": "phenotype", "amr_classes": ["aminoglycoside"], "seq_regions": [], "seq_variations": [], "ref_database": [], "category": "amr", "key": "butirosin", "amr_resistance": "butirosin", "amr_resistant": false, "amr_species_relevant": false, "grade": 0}, "hygromycin": {"type": "phenotype", "amr_classes": ["aminoglycoside"], "seq_regions": [], "seq_variations": [], "ref_database": [], "category": "amr", "key": "hygromycin", "amr_resistance": "hygromycin", "amr_resistant": false, "amr_species_relevant": false, "grade": 0}, "netilmicin": {"type": "phenotype", "amr_classes": ["aminoglycoside"], "seq_regions": [], "seq_variations": [], "ref_database": [], "category": "amr", "key": "netilmicin", "amr_resistance": "netilmicin", "amr_resistant": false, "amr_species_relevant": false, "grade": 0}, "apramycin": {"type": "phenotype", "amr_classes": ["aminoglycoside"], "seq_regions": [], "seq_variations": [], "ref_database": [], "category": "amr", "key": "apramycin", "amr_resistance": "apramycin", "amr_resistant": false, "amr_species_relevant": false, "grade": 0}, "sisomicin": {"type": "phenotype", "amr_classes": ["aminoglycoside"], "seq_regions": [], "seq_variations": [], "ref_database": [], "category": "amr", "key": "sisomicin", "amr_resistance": "sisomicin", "amr_resistant": false, "amr_species_relevant": false, "grade": 0}, "arbekacin": {"type": "phenotype", "amr_classes": ["aminoglycoside"], "seq_regions": [], "seq_variations": [], "ref_database": [], "category": "amr", "key": "arbekacin", "amr_resistance": "arbekacin", "amr_resistant": false, "amr_species_relevant": false, "grade": 0}, "kasugamycin": {"type": "phenotype", "amr_classes": ["aminoglycoside"], "seq_regions": [], "seq_variations": [], "ref_database": [], "category": "amr", "key": "kasugamycin", "amr_resistance": "kasugamycin", "amr_resistant": false, "amr_species_relevant": false, "grade": 0}, "astromicin": {"type": "phenotype", "amr_classes": ["aminoglycoside"], "seq_regions": [], "seq_variations": [], "ref_database": [], "category": "amr", "key": "astromicin", "amr_resistance": "astromicin", "amr_resistant": false, "amr_species_relevant": false, "grade": 0}, "fortimicin": {"type": "phenotype", "amr_classes": ["aminoglycoside"], "seq_regions": [], "seq_variations": [], "ref_database": [], "category": "amr", "key": "fortimicin", "amr_resistance": "fortimicin", "amr_resistant": false, "amr_species_relevant": false, "grade": 0}, "spectinomycin": {"type": "phenotype", "amr_classes": ["aminocyclitol"], "seq_regions": [], "seq_variations": [], "ref_database": [], "category": "amr", "key": "spectinomycin", "amr_resistance": "spectinomycin", "amr_resistant": false, "amr_species_relevant": false, "grade": 0}, "fluoroquinolone": {"type": "phenotype", "amr_classes": ["quinolone"], "seq_regions": [], "seq_variations": [], "ref_database": [], "category": "amr", "key": "fluoroquinolone", "amr_resistance": "fluoroquinolone", "amr_resistant": false, "amr_species_relevant": false, "grade": 0}, "ciprofloxacin": {"type": "phenotype", "amr_classes": ["quinolone"], "seq_regions": ["qnrS1;;1;;AB187515"], "seq_variations": ["gyrA;;1;;MH933946.1;;83;;f"], "ref_database": ["PointFinder-4.1.1"], "category": "amr", "key": "ciprofloxacin", "amr_resistance": "ciprofloxacin", "amr_resistant": true, "amr_species_relevant": true, "grade": 3}, "unknown quinolone": {"type": "phenotype", "amr_classes": ["quinolone"], "seq_regions": [], "seq_variations": [], "ref_database": [], "category": "amr", "key": "unknown quinolone", "amr_resistance": "unknown quinolone", "amr_resistant": false, "amr_species_relevant": false, "grade": 0}, "nalidixic acid": {"type": "phenotype", "amr_classes": ["quinolone"], "seq_regions": [], "seq_variations": ["gyrA;;1;;MH933946.1;;83;;f"], "ref_database": ["PointFinder-4.1.1"], "category": "amr", "key": "nalidixic acid", "amr_resistance": "nalidixic acid", "amr_resistant": true, "amr_species_relevant": true, "grade": 3}, "amoxicillin": {"type": "phenotype", "amr_classes": ["beta-lactam"], "seq_regions": ["blaCTX-M-15;;1;;AY044436", "blaTEM-1B;;1;;AY458016"], "seq_variations": [], "ref_database": ["ResFinder-2.4.0"], "category": "amr", "key": "amoxicillin", "amr_resistance": "amoxicillin", "amr_resistant": true, "amr_species_relevant": false, "grade": 3}, "amoxicillin+clavulanic acid": {"type": "phenotype", "amr_classes": ["beta-lactam"], "seq_regions": [], "seq_variations": [], "ref_database": [], "category": "amr", "key": "amoxicillin+clavulanic acid", "amr_resistance": "amoxicillin+clavulanic acid", "amr_resistant": false, "amr_species_relevant": false, "grade": 0}, "ampicillin": {"type": "phenotype", "amr_classes": ["beta-lactam"], "seq_regions": ["blaCTX-M-15;;1;;AY044436", "blaTEM-1B;;1;;AY458016"], "seq_variations": [], "ref_database": ["ResFinder-2.4.0"], "category": "amr", "key": "ampicillin", "amr_resistance": "ampicillin", "amr_resistant": true, "amr_species_relevant": true, "grade": 3}, "ampicillin+clavulanic acid": {"type": "phenotype", "amr_classes": ["beta-lactam"], "seq_regions": [], "seq_variations": [], "ref_database": [], "category": "amr", "key": "ampicillin+clavulanic acid", "amr_resistance": "ampicillin+clavulanic acid", "amr_resistant": false, "amr_species_relevant": true, "grade": 0}, "cefepime": {"type": "phenotype", "amr_classes": ["beta-lactam"], "seq_regions": ["blaCTX-M-15;;1;;AY044436"], "seq_variations": [], "ref_database": ["ResFinder-2.4.0"], "category": "amr", "key": "cefepime", "amr_resistance": "cefepime", "amr_resistant": true, "amr_species_relevant": true, "grade": 3}, "cefixime": {"type": "phenotype", "amr_classes": ["beta-lactam"], "seq_regions": [], "seq_variations": [], "ref_database": [], "category": "amr", "key": "cefixime", "amr_resistance": "cefixime", "amr_resistant": false, "amr_species_relevant": false, "grade": 0}, "cefotaxime": {"type": "phenotype", "amr_classes": ["beta-lactam"], "seq_regions": ["blaCTX-M-15;;1;;AY044436"], "seq_variations": [], "ref_database": ["ResFinder-2.4.0"], "category": "amr", "key": "cefotaxime", "amr_resistance": "cefotaxime", "amr_resistant": true, "amr_species_relevant": true, "grade": 3}, "cefoxitin": {"type": "phenotype", "amr_classes": ["beta-lactam"], "seq_regions": [], "seq_variations": [], "ref_database": [], "category": "amr", "key": "cefoxitin", "amr_resistance": "cefoxitin", "amr_resistant": false, "amr_species_relevant": true, "grade": 0}, "ceftazidime": {"type": "phenotype", "amr_classes": ["beta-lactam"], "seq_regions": ["blaCTX-M-15;;1;;AY044436"], "seq_variations": [], "ref_database": ["ResFinder-2.4.0"], "category": "amr", "key": "ceftazidime", "amr_resistance": "ceftazidime", "amr_resistant": true, "amr_species_relevant": true, "grade": 3}, "ertapenem": {"type": "phenotype", "amr_classes": ["beta-lactam"], "seq_regions": [], "seq_variations": [], "ref_database": [], "category": "amr", "key": "ertapenem", "amr_resistance": "ertapenem", "amr_resistant": false, "amr_species_relevant": true, "grade": 0}, "imipenem": {"type": "phenotype", "amr_classes": ["beta-lactam"], "seq_regions": [], "seq_variations": [], "ref_database": [], "category": "amr", "key": "imipenem", "amr_resistance": "imipenem", "amr_resistant": false, "amr_species_relevant": true, "grade": 0}, "meropenem": {"type": "phenotype", "amr_classes": ["beta-lactam"], "seq_regions": [], "seq_variations": [], "ref_database": [], "category": "amr", "key": "meropenem", "amr_resistance": "meropenem", "amr_resistant": false, "amr_species_relevant": true, "grade": 0}, "piperacillin": {"type": "phenotype", "amr_classes": ["beta-lactam"], "seq_regions": ["blaCTX-M-15;;1;;AY044436", "blaTEM-1B;;1;;AY458016"], "seq_variations": [], "ref_database": ["ResFinder-2.4.0"], "category": "amr", "key": "piperacillin", "amr_resistance": "piperacillin", "amr_resistant": true, "amr_species_relevant": false, "grade": 3}, "piperacillin+tazobactam": {"type": "phenotype", "amr_classes": ["beta-lactam"], "seq_regions": [], "seq_variations": [], "ref_database": [], "category": "amr", "key": "piperacillin+tazobactam", "amr_resistance": "piperacillin+tazobactam", "amr_resistant": false, "amr_species_relevant": true, "grade": 0}, "unknown beta-lactam": {"type": "phenotype", "amr_classes": ["beta-lactam"], "seq_regions": [], "seq_variations": [], "ref_database": [], "category": "amr", "key": "unknown beta-lactam", "amr_resistance": "unknown beta-lactam", "amr_resistant": false, "amr_species_relevant": false, "grade": 0}, "aztreonam": {"type": "phenotype", "amr_classes": ["beta-lactam"], "seq_regions": ["blaCTX-M-15;;1;;AY044436"], "seq_variations": [], "ref_database": ["ResFinder-2.4.0"], "category": "amr", "key": "aztreonam", "amr_resistance": "aztreonam", "amr_resistant": true, "amr_species_relevant": false, "grade": 3}, "cefotaxime+clavulanic acid": {"type": "phenotype", "amr_classes": ["beta-lactam"], "seq_regions": [], "seq_variations": [], "ref_database": [], "category": "amr", "key": "cefotaxime+clavulanic acid", "amr_resistance": "cefotaxime+clavulanic acid", "amr_resistant": false, "amr_species_relevant": false, "grade": 0}, "temocillin": {"type": "phenotype", "amr_classes": ["beta-lactam"], "seq_regions": [], "seq_variations": [], "ref_database": [], "category": "amr", "key": "temocillin", "amr_resistance": "temocillin", "amr_resistant": false, "amr_species_relevant": true, "grade": 0}, "ticarcillin": {"type": "phenotype", "amr_classes": ["beta-lactam"], "seq_regions": ["blaCTX-M-15;;1;;AY044436", "blaTEM-1B;;1;;AY458016"], "seq_variations": [], "ref_database": ["ResFinder-2.4.0"], "category": "amr", "key": "ticarcillin", "amr_resistance": "ticarcillin", "amr_resistant": true, "amr_species_relevant": false, "grade": 3}, "ceftazidime+avibactam": {"type": "phenotype", "amr_classes": ["beta-lactam"], "seq_regions": [], "seq_variations": [], "ref_database": [], "category": "amr", "key": "ceftazidime+avibactam", "amr_resistance": "ceftazidime+avibactam", "amr_resistant": false, "amr_species_relevant": false, "grade": 0}, "penicillin": {"type": "phenotype", "amr_classes": ["beta-lactam"], "seq_regions": [], "seq_variations": [], "ref_database": [], "category": "amr", "key": "penicillin", "amr_resistance": "penicillin", "amr_resistant": false, "amr_species_relevant": false, "grade": 0}, "ceftriaxone": {"type": "phenotype", "amr_classes": ["beta-lactam"], "seq_regions": ["blaCTX-M-15;;1;;AY044436"], "seq_variations": [], "ref_database": ["ResFinder-2.4.0"], "category": "amr", "key": "ceftriaxone", "amr_resistance": "ceftriaxone", "amr_resistant": true, "amr_species_relevant": false, "grade": 3}, "ticarcillin+clavulanic acid": {"type": "phenotype", "amr_classes": ["beta-lactam"], "seq_regions": [], "seq_variations": [], "ref_database": [], "category": "amr", "key": "ticarcillin+clavulanic acid", "amr_resistance": "ticarcillin+clavulanic acid", "amr_resistant": false, "amr_species_relevant": false, "grade": 0}, "cephalothin": {"type": "phenotype", "amr_classes": ["beta-lactam"], "seq_regions": ["blaTEM-1B;;1;;AY458016"], "seq_variations": [], "ref_database": ["ResFinder-2.4.0"], "category": "amr", "key": "cephalothin", "amr_resistance": "cephalothin", "amr_resistant": true, "amr_species_relevant": false, "grade": 3}, "piperacillin+clavulanic acid": {"type": "phenotype", "amr_classes": ["beta-lactam"], "seq_regions": [], "seq_variations": [], "ref_database": [], "category": "amr", "key": "piperacillin+clavulanic acid", "amr_resistance": "piperacillin+clavulanic acid", "amr_resistant": false, "amr_species_relevant": false, "grade": 0}, "ceftiofur": {"type": "phenotype", "amr_classes": ["under_development"], "seq_regions": [], "seq_variations": [], "ref_database": [], "category": "amr", "key": "ceftiofur", "amr_resistance": "ceftiofur", "amr_resistant": false, "amr_species_relevant": false, "grade": 0}, "sulfamethoxazole": {"type": "phenotype", "amr_classes": ["folate pathway antagonist"], "seq_regions": ["sul1;;2;;U12338", "sul2;;21;;AB366440", "sul2;;20;;AJ830710", "sul2;;14;;AJ514834", "sul2;;9;;FJ197818", "sul2;;8;;AJ877041", "sul2;;6;;FN995456", "sul2;;3;;HQ840942", "sul2;;2;;AY034138"], "seq_variations": [], "ref_database": ["ResFinder-2.4.0"], "category": "amr", "key": "sulfamethoxazole", "amr_resistance": "sulfamethoxazole", "amr_resistant": true, "amr_species_relevant": true, "grade": 3}, "trimethoprim": {"type": "phenotype", "amr_classes": ["folate pathway antagonist"], "seq_regions": ["dfrA7;;1;;AB161450"], "seq_variations": [], "ref_database": ["ResFinder-2.4.0"], "category": "amr", "key": "trimethoprim", "amr_resistance": "trimethoprim", "amr_resistant": true, "amr_species_relevant": true, "grade": 3}, "fosfomycin": {"type": "phenotype", "amr_classes": ["fosfomycin"], "seq_regions": [], "seq_variations": [], "ref_database": [], "category": "amr", "key": "fosfomycin", "amr_resistance": "fosfomycin", "amr_resistant": false, "amr_species_relevant": false, "grade": 0}, "vancomycin": {"type": "phenotype", "amr_classes": ["glycopeptide"], "seq_regions": [], "seq_variations": [], "ref_database": [], "category": "amr", "key": "vancomycin", "amr_resistance": "vancomycin", "amr_resistant": false, "amr_species_relevant": false, "grade": 0}, "teicoplanin": {"type": "phenotype", "amr_classes": ["glycopeptide"], "seq_regions": [], "seq_variations": [], "ref_database": [], "category": "amr", "key": "teicoplanin", "amr_resistance": "teicoplanin", "amr_resistant": false, "amr_species_relevant": false, "grade": 0}, "bleomycin": {"type": "phenotype", "amr_classes": ["glycopeptide"], "seq_regions": [], "seq_variations": [], "ref_database": [], "category": "amr", "key": "bleomycin", "amr_resistance": "bleomycin", "amr_resistant": false, "amr_species_relevant": false, "grade": 0}, "lincomycin": {"type": "phenotype", "amr_classes": ["lincosamide"], "seq_regions": [], "seq_variations": [], "ref_database": [], "category": "amr", "key": "lincomycin", "amr_resistance": "lincomycin", "amr_resistant": false, "amr_species_relevant": false, "grade": 0}, "clindamycin": {"type": "phenotype", "amr_classes": ["lincosamide"], "seq_regions": [], "seq_variations": [], "ref_database": [], "category": "amr", "key": "clindamycin", "amr_resistance": "clindamycin", "amr_resistant": false, "amr_species_relevant": false, "grade": 0}, "dalfopristin": {"type": "phenotype", "amr_classes": ["streptogramin a"], "seq_regions": [], "seq_variations": [], "ref_database": [], "category": "amr", "key": "dalfopristin", "amr_resistance": "dalfopristin", "amr_resistant": false, "amr_species_relevant": false, "grade": 0}, "pristinamycin iia": {"type": "phenotype", "amr_classes": ["streptogramin a"], "seq_regions": [], "seq_variations": [], "ref_database": [], "category": "amr", "key": "pristinamycin iia", "amr_resistance": "pristinamycin iia", "amr_resistant": false, "amr_species_relevant": false, "grade": 0}, "virginiamycin m": {"type": "phenotype", "amr_classes": ["streptogramin a"], "seq_regions": [], "seq_variations": [], "ref_database": [], "category": "amr", "key": "virginiamycin m", "amr_resistance": "virginiamycin m", "amr_resistant": false, "amr_species_relevant": false, "grade": 0}, "quinupristin+dalfopristin": {"type": "phenotype", "amr_classes": ["streptogramin a"], "seq_regions": [], "seq_variations": [], "ref_database": [], "category": "amr", "key": "quinupristin+dalfopristin", "amr_resistance": "quinupristin+dalfopristin", "amr_resistant": false, "amr_species_relevant": false, "grade": 0}, "tiamulin": {"type": "phenotype", "amr_classes": ["pleuromutilin"], "seq_regions": [], "seq_variations": [], "ref_database": [], "category": "amr", "key": "tiamulin", "amr_resistance": "tiamulin", "amr_resistant": false, "amr_species_relevant": false, "grade": 0}, "carbomycin": {"type": "phenotype", "amr_classes": ["macrolide"], "seq_regions": [], "seq_variations": [], "ref_database": [], "category": "amr", "key": "carbomycin", "amr_resistance": "carbomycin", "amr_resistant": false, "amr_species_relevant": false, "grade": 0}, "erythromycin": {"type": "phenotype", "amr_classes": ["macrolide"], "seq_regions": [], "seq_variations": [], "ref_database": [], "category": "amr", "key": "erythromycin", "amr_resistance": "erythromycin", "amr_resistant": false, "amr_species_relevant": false, "grade": 0}, "azithromycin": {"type": "phenotype", "amr_classes": ["macrolide"], "seq_regions": [], "seq_variations": [], "ref_database": [], "category": "amr", "key": "azithromycin", "amr_resistance": "azithromycin", "amr_resistant": false, "amr_species_relevant": true, "grade": 0}, "oleandomycin": {"type": "phenotype", "amr_classes": ["macrolide"], "seq_regions": [], "seq_variations": [], "ref_database": [], "category": "amr", "key": "oleandomycin", "amr_resistance": "oleandomycin", "amr_resistant": false, "amr_species_relevant": false, "grade": 0}, "spiramycin": {"type": "phenotype", "amr_classes": ["macrolide"], "seq_regions": [], "seq_variations": [], "ref_database": [], "category": "amr", "key": "spiramycin", "amr_resistance": "spiramycin", "amr_resistant": false, "amr_species_relevant": false, "grade": 0}, "tylosin": {"type": "phenotype", "amr_classes": ["macrolide"], "seq_regions": [], "seq_variations": [], "ref_database": [], "category": "amr", "key": "tylosin", "amr_resistance": "tylosin", "amr_resistant": false, "amr_species_relevant": false, "grade": 0}, "telithromycin": {"type": "phenotype", "amr_classes": ["macrolide"], "seq_regions": [], "seq_variations": [], "ref_database": [], "category": "amr", "key": "telithromycin", "amr_resistance": "telithromycin", "amr_resistant": false, "amr_species_relevant": false, "grade": 0}, "tetracycline": {"type": "phenotype", "amr_classes": ["tetracycline"], "seq_regions": [], "seq_variations": [], "ref_database": [], "category": "amr", "key": "tetracycline", "amr_resistance": "tetracycline", "amr_resistant": false, "amr_species_relevant": true, "grade": 0}, "doxycycline": {"type": "phenotype", "amr_classes": ["tetracycline"], "seq_regions": [], "seq_variations": [], "ref_database": [], "category": "amr", "key": "doxycycline", "amr_resistance": "doxycycline", "amr_resistant": false, "amr_species_relevant": false, "grade": 0}, "minocycline": {"type": "phenotype", "amr_classes": ["tetracycline"], "seq_regions": [], "seq_variations": [], "ref_database": [], "category": "amr", "key": "minocycline", "amr_resistance": "minocycline", "amr_resistant": false, "amr_species_relevant": false, "grade": 0}, "tigecycline": {"type": "phenotype", "amr_classes": ["tetracycline"], "seq_regions": [], "seq_variations": [], "ref_database": [], "category": "amr", "key": "tigecycline", "amr_resistance": "tigecycline", "amr_resistant": false, "amr_species_relevant": true, "grade": 0}, "quinupristin": {"type": "phenotype", "amr_classes": ["streptogramin b"], "seq_regions": [], "seq_variations": [], "ref_database": [], "category": "amr", "key": "quinupristin", "amr_resistance": "quinupristin", "amr_resistant": false, "amr_species_relevant": false, "grade": 0}, "pristinamycin ia": {"type": "phenotype", "amr_classes": ["streptogramin b"], "seq_regions": [], "seq_variations": [], "ref_database": [], "category": "amr", "key": "pristinamycin ia", "amr_resistance": "pristinamycin ia", "amr_resistant": false, "amr_species_relevant": false, "grade": 0}, "virginiamycin s": {"type": "phenotype", "amr_classes": ["streptogramin b"], "seq_regions": [], "seq_variations": [], "ref_database": [], "category": "amr", "key": "virginiamycin s", "amr_resistance": "virginiamycin s", "amr_resistant": false, "amr_species_relevant": false, "grade": 0}, "linezolid": {"type": "phenotype", "amr_classes": ["oxazolidinone"], "seq_regions": [], "seq_variations": [], "ref_database": [], "category": "amr", "key": "linezolid", "amr_resistance": "linezolid", "amr_resistant": false, "amr_species_relevant": false, "grade": 0}, "chloramphenicol": {"type": "phenotype", "amr_classes": ["amphenicol"], "seq_regions": ["catA1;;1;;V00622"], "seq_variations": [], "ref_database": ["ResFinder-2.4.0"], "category": "amr", "key": "chloramphenicol", "amr_resistance": "chloramphenicol", "amr_resistant": true, "amr_species_relevant": true, "grade": 2}, "florfenicol": {"type": "phenotype", "amr_classes": ["amphenicol"], "seq_regions": [], "seq_variations": [], "ref_database": [], "category": "amr", "key": "florfenicol", "amr_resistance": "florfenicol", "amr_resistant": false, "amr_species_relevant": false, "grade": 0}, "colistin": {"type": "phenotype", "amr_classes": ["polymyxin"], "seq_regions": [], "seq_variations": [], "ref_database": [], "category": "amr", "key": "colistin", "amr_resistance": "colistin", "amr_resistant": false, "amr_species_relevant": true, "grade": 0}, "fusidic acid": {"type": "phenotype", "amr_classes": ["steroid antibacterial"], "seq_regions": [], "seq_variations": [], "ref_database": [], "category": "amr", "key": "fusidic acid", "amr_resistance": "fusidic acid", "amr_resistant": false, "amr_species_relevant": false, "grade": 0}, "mupirocin": {"type": "phenotype", "amr_classes": ["pseudomonic acid"], "seq_regions": [], "seq_variations": [], "ref_database": [], "category": "amr", "key": "mupirocin", "amr_resistance": "mupirocin", "amr_resistant": false, "amr_species_relevant": false, "grade": 0}, "rifampicin": {"type": "phenotype", "amr_classes": ["rifamycin"], "seq_regions": [], "seq_variations": [], "ref_database": [], "category": "amr", "key": "rifampicin", "amr_resistance": "rifampicin", "amr_resistant": false, "amr_species_relevant": false, "grade": 0}, "metronidazole": {"type": "phenotype", "amr_classes": ["nitroimidazole"], "seq_regions": [], "seq_variations": [], "ref_database": [], "category": "amr", "key": "metronidazole", "amr_resistance": "metronidazole", "amr_resistant": false, "amr_species_relevant": false, "grade": 0}, "narasin": {"type": "phenotype", "amr_classes": ["ionophores"], "seq_regions": [], "seq_variations": [], "ref_database": [], "category": "amr", "key": "narasin", "amr_resistance": "narasin", "amr_resistant": false, "amr_species_relevant": false, "grade": 0}, "salinomycin": {"type": "phenotype", "amr_classes": ["ionophores"], "seq_regions": [], "seq_variations": [], "ref_database": [], "category": "amr", "key": "salinomycin", "amr_resistance": "salinomycin", "amr_resistant": false, "amr_species_relevant": false, "grade": 0}, "maduramicin": {"type": "phenotype", "amr_classes": ["ionophores"], "seq_regions": [], "seq_variations": [], "ref_database": [], "category": "amr", "key": "maduramicin", "amr_resistance": "maduramicin", "amr_resistant": false, "amr_species_relevant": false, "grade": 0}}, "software_executions": {"1e4d6d1cb7c76fa4cac1c2673cff7280699f8767": {"type": "software_exec", "command": "/opt/conda/envs/amr/lib/python3.12/site-packages/resfinder/__main__.py -ifa ERR2093245.assembly.fa -s Salmonella enterica --acquired --point --outputPath ERR2093245_resfinder --db_path_res ./resfinder_db", "parameters": {"resfinder_root": "/opt/conda/envs/amr/lib/python3.12/site-packages/resfinder/", "env_var_file": "/opt/conda/envs/amr/lib/python3.12/site-packages/resfinder/environment_variables.md", "species_abbr_file": "/opt/conda/envs/amr/lib/python3.12/site-packages/resfinder/species_abbreviations.md", "outputPath": "/home/data/ERR2093245_resfinder", "out_json": false, "acquired": true, "point": true, "disinf": false, "species": "salmonella enterica", "inputfastq_1": null, "inputfasta": "/home/data/ERR2093245.assembly.fa", "outPath_res_blast": "/home/data/ERR2093245_resfinder/resfinder_blast", "outPath_disinf_blast": "/home/data/ERR2093245_resfinder/disinfinder_blast", "outPath_point_blast": "/home/data/ERR2093245_resfinder/pointfinder_blast", "sample_name": "ERR2093245.assembly.fa", "method": "blast", "blast": "blastn", "kma": null, "output_aln": false, "pickle": false, "db_path_res": "/home/data/resfinder_db", "db_path_res_kma": "/home/data/resfinder_db", "db_config_file": "/home/data/resfinder_db/config", "db_notes_file": "/home/data/resfinder_db/notes.txt", "db_panels_file": "/home/data/resfinder_db/phenotype_panels.txt", "rf_gene_cov": 0.6, "rf_gene_id": 0.8, "rf_overlap": 30, "species_dir": "salmonella", "db_path_point_root": "/home/data/pointfinder_db", "db_path_point": "/home/data/pointfinder_db/salmonella", "specific_gene": null, "pf_gene_cov": 0.01, "pf_gene_id": 0.8, "unknown_mut": false, "ignore_indels": false, "ignore_stop_codons": false, "point_file": "/home/data/pointfinder_db/salmonella/phenotypes.txt", "abclassdef_file": "/home/data/resfinder_db/antibiotic_classes.txt", "phenotype_file": "/home/data/resfinder_db/phenotypes.txt", "disinf_file": null, "disclassdef_file": null}, "key": "1e4d6d1cb7c76fa4cac1c2673cff7280699f8767"}}, "aln_hits": {}, "software_name": "ResFinder", "software_version": "4.6.0", "software_commit": "unknown", "run_date": "2025-01-25", "key": "ResFinder-4.6.0", "provided_species": "salmonella enterica", "result_summary": "TOB_AMI_CIP_NAL_AMP_CEP_CTA_CTZ_SME_TRI_CHL"}