<?xml version="1.0"?>
<!DOCTYPE BlastOutput PUBLIC "-//NCBI//NCBI BlastOutput/EN" "http://www.ncbi.nlm.nih.gov/dtd/NCBI_BlastOutput.dtd">
<BlastOutput>
  <BlastOutput_program>blastn</BlastOutput_program>
  <BlastOutput_version>BLASTN 2.16.0+</BlastOutput_version>
  <BlastOutput_reference>Zheng Zhang, Scott Schwartz, Lukas Wagner, and Webb Miller (2000), &quot;A greedy algorithm for aligning DNA sequences&quot;, J Comput Biol 2000; 7(1-2):203-14.</BlastOutput_reference>
  <BlastOutput_db></BlastOutput_db>
  <BlastOutput_query-ID>Query_1</BlastOutput_query-ID>
  <BlastOutput_query-def>contig00001 len=489092 cov=61.6 corr=0 origname=NODE_1_length_489092_cov_61.601628_pilon sw=shovill-spades/1.1.0 date=20230202</BlastOutput_query-def>
  <BlastOutput_query-len>489092</BlastOutput_query-len>
  <BlastOutput_param>
    <Parameters>
      <Parameters_expect>10</Parameters_expect>
      <Parameters_sc-match>1</Parameters_sc-match>
      <Parameters_sc-mismatch>-2</Parameters_sc-mismatch>
      <Parameters_gap-open>0</Parameters_gap-open>
      <Parameters_gap-extend>0</Parameters_gap-extend>
      <Parameters_filter>m;</Parameters_filter>
    </Parameters>
  </BlastOutput_param>
<BlastOutput_iterations>
<Iteration>
  <Iteration_iter-num>1</Iteration_iter-num>
  <Iteration_query-ID>Query_1</Iteration_query-ID>
  <Iteration_query-def>contig00001 len=489092 cov=61.6 corr=0 origname=NODE_1_length_489092_cov_61.601628_pilon sw=shovill-spades/1.1.0 date=20230202</Iteration_query-def>
  <Iteration_query-len>489092</Iteration_query-len>
<Iteration_hits>
</Iteration_hits>
  <Iteration_stat>
    <Statistics>
      <Statistics_db-num>0</Statistics_db-num>
      <Statistics_db-len>0</Statistics_db-len>
      <Statistics_hsp-len>26</Statistics_hsp-len>
      <Statistics_eff-space>121082960280</Statistics_eff-space>
      <Statistics_kappa>0.46</Statistics_kappa>
      <Statistics_lambda>1.28</Statistics_lambda>
      <Statistics_entropy>0.85</Statistics_entropy>
    </Statistics>
  </Iteration_stat>
  <Iteration_message>No hits found</Iteration_message>
</Iteration>
<Iteration>
  <Iteration_iter-num>2</Iteration_iter-num>
  <Iteration_query-ID>Query_2</Iteration_query-ID>
  <Iteration_query-def>contig00002 len=420014 cov=77.0 corr=0 origname=NODE_2_length_420014_cov_77.045986_pilon sw=shovill-spades/1.1.0 date=20230202</Iteration_query-def>
  <Iteration_query-len>420014</Iteration_query-len>
<Iteration_hits>
</Iteration_hits>
  <Iteration_stat>
    <Statistics>
      <Statistics_db-num>0</Statistics_db-num>
      <Statistics_db-len>0</Statistics_db-len>
      <Statistics_hsp-len>26</Statistics_hsp-len>
      <Statistics_eff-space>103980629040</Statistics_eff-space>
      <Statistics_kappa>0.46</Statistics_kappa>
      <Statistics_lambda>1.28</Statistics_lambda>
      <Statistics_entropy>0.85</Statistics_entropy>
    </Statistics>
  </Iteration_stat>
  <Iteration_message>No hits found</Iteration_message>
</Iteration>
<Iteration>
  <Iteration_iter-num>3</Iteration_iter-num>
  <Iteration_query-ID>Query_3</Iteration_query-ID>
  <Iteration_query-def>contig00003 len=250385 cov=71.6 corr=0 origname=NODE_3_length_250385_cov_71.583042_pilon sw=shovill-spades/1.1.0 date=20230202</Iteration_query-def>
  <Iteration_query-len>250385</Iteration_query-len>
<Iteration_hits>
</Iteration_hits>
  <Iteration_stat>
    <Statistics>
      <Statistics_db-num>0</Statistics_db-num>
      <Statistics_db-len>0</Statistics_db-len>
      <Statistics_hsp-len>26</Statistics_hsp-len>
      <Statistics_eff-space>61983881220</Statistics_eff-space>
      <Statistics_kappa>0.46</Statistics_kappa>
      <Statistics_lambda>1.28</Statistics_lambda>
      <Statistics_entropy>0.85</Statistics_entropy>
    </Statistics>
  </Iteration_stat>
  <Iteration_message>No hits found</Iteration_message>
</Iteration>
<Iteration>
  <Iteration_iter-num>4</Iteration_iter-num>
  <Iteration_query-ID>Query_4</Iteration_query-ID>
  <Iteration_query-def>contig00004 len=249637 cov=73.2 corr=0 origname=NODE_4_length_249637_cov_73.224620_pilon sw=shovill-spades/1.1.0 date=20230202</Iteration_query-def>
  <Iteration_query-len>249637</Iteration_query-len>
<Iteration_hits>
</Iteration_hits>
  <Iteration_stat>
    <Statistics>
      <Statistics_db-num>0</Statistics_db-num>
      <Statistics_db-len>0</Statistics_db-len>
      <Statistics_hsp-len>26</Statistics_hsp-len>
      <Statistics_eff-space>61798691380</Statistics_eff-space>
      <Statistics_kappa>0.46</Statistics_kappa>
      <Statistics_lambda>1.28</Statistics_lambda>
      <Statistics_entropy>0.85</Statistics_entropy>
    </Statistics>
  </Iteration_stat>
  <Iteration_message>No hits found</Iteration_message>
</Iteration>
<Iteration>
  <Iteration_iter-num>5</Iteration_iter-num>
  <Iteration_query-ID>Query_5</Iteration_query-ID>
  <Iteration_query-def>contig00005 len=244955 cov=69.9 corr=0 origname=NODE_5_length_244955_cov_69.926814_pilon sw=shovill-spades/1.1.0 date=20230202</Iteration_query-def>
  <Iteration_query-len>244955</Iteration_query-len>
<Iteration_hits>
</Iteration_hits>
  <Iteration_stat>
    <Statistics>
      <Statistics_db-num>0</Statistics_db-num>
      <Statistics_db-len>0</Statistics_db-len>
      <Statistics_hsp-len>26</Statistics_hsp-len>
      <Statistics_eff-space>60639521820</Statistics_eff-space>
      <Statistics_kappa>0.46</Statistics_kappa>
      <Statistics_lambda>1.28</Statistics_lambda>
      <Statistics_entropy>0.85</Statistics_entropy>
    </Statistics>
  </Iteration_stat>
  <Iteration_message>No hits found</Iteration_message>
</Iteration>
<Iteration>
  <Iteration_iter-num>6</Iteration_iter-num>
  <Iteration_query-ID>Query_6</Iteration_query-ID>
  <Iteration_query-def>contig00006 len=222160 cov=76.3 corr=0 origname=NODE_6_length_222160_cov_76.261547_pilon sw=shovill-spades/1.1.0 date=20230202</Iteration_query-def>
  <Iteration_query-len>222160</Iteration_query-len>
<Iteration_hits>
</Iteration_hits>
  <Iteration_stat>
    <Statistics>
      <Statistics_db-num>0</Statistics_db-num>
      <Statistics_db-len>0</Statistics_db-len>
      <Statistics_hsp-len>26</Statistics_hsp-len>
      <Statistics_eff-space>54995935720</Statistics_eff-space>
      <Statistics_kappa>0.46</Statistics_kappa>
      <Statistics_lambda>1.28</Statistics_lambda>
      <Statistics_entropy>0.85</Statistics_entropy>
    </Statistics>
  </Iteration_stat>
  <Iteration_message>No hits found</Iteration_message>
</Iteration>
<Iteration>
  <Iteration_iter-num>7</Iteration_iter-num>
  <Iteration_query-ID>Query_7</Iteration_query-ID>
  <Iteration_query-def>contig00007 len=217898 cov=60.4 corr=0 origname=NODE_7_length_217898_cov_60.350419_pilon sw=shovill-spades/1.1.0 date=20230202</Iteration_query-def>
  <Iteration_query-len>217898</Iteration_query-len>
<Iteration_hits>
</Iteration_hits>
  <Iteration_stat>
    <Statistics>
      <Statistics_db-num>0</Statistics_db-num>
      <Statistics_db-len>0</Statistics_db-len>
      <Statistics_hsp-len>26</Statistics_hsp-len>
      <Statistics_eff-space>53940749760</Statistics_eff-space>
      <Statistics_kappa>0.46</Statistics_kappa>
      <Statistics_lambda>1.28</Statistics_lambda>
      <Statistics_entropy>0.85</Statistics_entropy>
    </Statistics>
  </Iteration_stat>
  <Iteration_message>No hits found</Iteration_message>
</Iteration>
<Iteration>
  <Iteration_iter-num>8</Iteration_iter-num>
  <Iteration_query-ID>Query_8</Iteration_query-ID>
  <Iteration_query-def>contig00008 len=206378 cov=63.6 corr=0 origname=NODE_8_length_206378_cov_63.629321_pilon sw=shovill-spades/1.1.0 date=20230202</Iteration_query-def>
  <Iteration_query-len>206378</Iteration_query-len>
<Iteration_hits>
</Iteration_hits>
  <Iteration_stat>
    <Statistics>
      <Statistics_db-num>0</Statistics_db-num>
      <Statistics_db-len>0</Statistics_db-len>
      <Statistics_hsp-len>25</Statistics_hsp-len>
      <Statistics_eff-space>51122098573</Statistics_eff-space>
      <Statistics_kappa>0.46</Statistics_kappa>
      <Statistics_lambda>1.28</Statistics_lambda>
      <Statistics_entropy>0.85</Statistics_entropy>
    </Statistics>
  </Iteration_stat>
  <Iteration_message>No hits found</Iteration_message>
</Iteration>
<Iteration>
  <Iteration_iter-num>9</Iteration_iter-num>
  <Iteration_query-ID>Query_9</Iteration_query-ID>
  <Iteration_query-def>contig00009 len=204379 cov=70.0 corr=0 origname=NODE_9_length_204379_cov_69.978918_pilon sw=shovill-spades/1.1.0 date=20230202</Iteration_query-def>
  <Iteration_query-len>204379</Iteration_query-len>
<Iteration_hits>
</Iteration_hits>
  <Iteration_stat>
    <Statistics>
      <Statistics_db-num>0</Statistics_db-num>
      <Statistics_db-len>0</Statistics_db-len>
      <Statistics_hsp-len>25</Statistics_hsp-len>
      <Statistics_eff-space>50626864314</Statistics_eff-space>
      <Statistics_kappa>0.46</Statistics_kappa>
      <Statistics_lambda>1.28</Statistics_lambda>
      <Statistics_entropy>0.85</Statistics_entropy>
    </Statistics>
  </Iteration_stat>
  <Iteration_message>No hits found</Iteration_message>
</Iteration>
<Iteration>
  <Iteration_iter-num>10</Iteration_iter-num>
  <Iteration_query-ID>Query_10</Iteration_query-ID>
  <Iteration_query-def>contig00010 len=174822 cov=67.4 corr=0 origname=NODE_10_length_174822_cov_67.390538_pilon sw=shovill-spades/1.1.0 date=20230202</Iteration_query-def>
  <Iteration_query-len>174822</Iteration_query-len>
<Iteration_hits>
</Iteration_hits>
  <Iteration_stat>
    <Statistics>
      <Statistics_db-num>0</Statistics_db-num>
      <Statistics_db-len>0</Statistics_db-len>
      <Statistics_hsp-len>25</Statistics_hsp-len>
      <Statistics_eff-space>43304383577</Statistics_eff-space>
      <Statistics_kappa>0.46</Statistics_kappa>
      <Statistics_lambda>1.28</Statistics_lambda>
      <Statistics_entropy>0.85</Statistics_entropy>
    </Statistics>
  </Iteration_stat>
  <Iteration_message>No hits found</Iteration_message>
</Iteration>
<Iteration>
  <Iteration_iter-num>11</Iteration_iter-num>
  <Iteration_query-ID>Query_11</Iteration_query-ID>
  <Iteration_query-def>contig00011 len=161318 cov=56.2 corr=0 origname=NODE_11_length_161318_cov_56.154742_pilon sw=shovill-spades/1.1.0 date=20230202</Iteration_query-def>
  <Iteration_query-len>161318</Iteration_query-len>
<Iteration_hits>
</Iteration_hits>
  <Iteration_stat>
    <Statistics>
      <Statistics_db-num>0</Statistics_db-num>
      <Statistics_db-len>0</Statistics_db-len>
      <Statistics_hsp-len>25</Statistics_hsp-len>
      <Statistics_eff-space>39958889113</Statistics_eff-space>
      <Statistics_kappa>0.46</Statistics_kappa>
      <Statistics_lambda>1.28</Statistics_lambda>
      <Statistics_entropy>0.85</Statistics_entropy>
    </Statistics>
  </Iteration_stat>
  <Iteration_message>No hits found</Iteration_message>
</Iteration>
<Iteration>
  <Iteration_iter-num>12</Iteration_iter-num>
  <Iteration_query-ID>Query_12</Iteration_query-ID>
  <Iteration_query-def>contig00012 len=157458 cov=66.4 corr=0 origname=NODE_12_length_157458_cov_66.377326_pilon sw=shovill-spades/1.1.0 date=20230202</Iteration_query-def>
  <Iteration_query-len>157458</Iteration_query-len>
<Iteration_hits>
</Iteration_hits>
  <Iteration_stat>
    <Statistics>
      <Statistics_db-num>0</Statistics_db-num>
      <Statistics_db-len>0</Statistics_db-len>
      <Statistics_hsp-len>25</Statistics_hsp-len>
      <Statistics_eff-space>39002608853</Statistics_eff-space>
      <Statistics_kappa>0.46</Statistics_kappa>
      <Statistics_lambda>1.28</Statistics_lambda>
      <Statistics_entropy>0.85</Statistics_entropy>
    </Statistics>
  </Iteration_stat>
  <Iteration_message>No hits found</Iteration_message>
</Iteration>
<Iteration>
  <Iteration_iter-num>13</Iteration_iter-num>
  <Iteration_query-ID>Query_13</Iteration_query-ID>
  <Iteration_query-def>contig00013 len=153771 cov=66.8 corr=0 origname=NODE_13_length_153771_cov_66.847479_pilon sw=shovill-spades/1.1.0 date=20230202</Iteration_query-def>
  <Iteration_query-len>153771</Iteration_query-len>
<Iteration_hits>
</Iteration_hits>
  <Iteration_stat>
    <Statistics>
      <Statistics_db-num>0</Statistics_db-num>
      <Statistics_db-len>0</Statistics_db-len>
      <Statistics_hsp-len>25</Statistics_hsp-len>
      <Statistics_eff-space>38089187786</Statistics_eff-space>
      <Statistics_kappa>0.46</Statistics_kappa>
      <Statistics_lambda>1.28</Statistics_lambda>
      <Statistics_entropy>0.85</Statistics_entropy>
    </Statistics>
  </Iteration_stat>
  <Iteration_message>No hits found</Iteration_message>
</Iteration>
<Iteration>
  <Iteration_iter-num>14</Iteration_iter-num>
  <Iteration_query-ID>Query_14</Iteration_query-ID>
  <Iteration_query-def>contig00014 len=149395 cov=64.9 corr=0 origname=NODE_14_length_149395_cov_64.853726_pilon sw=shovill-spades/1.1.0 date=20230202</Iteration_query-def>
  <Iteration_query-len>149395</Iteration_query-len>
<Iteration_hits>
</Iteration_hits>
  <Iteration_stat>
    <Statistics>
      <Statistics_db-num>0</Statistics_db-num>
      <Statistics_db-len>0</Statistics_db-len>
      <Statistics_hsp-len>25</Statistics_hsp-len>
      <Statistics_eff-space>37005073170</Statistics_eff-space>
      <Statistics_kappa>0.46</Statistics_kappa>
      <Statistics_lambda>1.28</Statistics_lambda>
      <Statistics_entropy>0.85</Statistics_entropy>
    </Statistics>
  </Iteration_stat>
  <Iteration_message>No hits found</Iteration_message>
</Iteration>
<Iteration>
  <Iteration_iter-num>15</Iteration_iter-num>
  <Iteration_query-ID>Query_15</Iteration_query-ID>
  <Iteration_query-def>contig00015 len=146387 cov=57.6 corr=0 origname=NODE_15_length_146387_cov_57.563066_pilon sw=shovill-spades/1.1.0 date=20230202</Iteration_query-def>
  <Iteration_query-len>146387</Iteration_query-len>
<Iteration_hits>
</Iteration_hits>
  <Iteration_stat>
    <Statistics>
      <Statistics_db-num>0</Statistics_db-num>
      <Statistics_db-len>0</Statistics_db-len>
      <Statistics_hsp-len>25</Statistics_hsp-len>
      <Statistics_eff-space>36259868242</Statistics_eff-space>
      <Statistics_kappa>0.46</Statistics_kappa>
      <Statistics_lambda>1.28</Statistics_lambda>
      <Statistics_entropy>0.85</Statistics_entropy>
    </Statistics>
  </Iteration_stat>
  <Iteration_message>No hits found</Iteration_message>
</Iteration>
<Iteration>
  <Iteration_iter-num>16</Iteration_iter-num>
  <Iteration_query-ID>Query_16</Iteration_query-ID>
  <Iteration_query-def>contig00016 len=144787 cov=64.2 corr=0 origname=NODE_16_length_144787_cov_64.178619_pilon sw=shovill-spades/1.1.0 date=20230202</Iteration_query-def>
  <Iteration_query-len>144787</Iteration_query-len>
<Iteration_hits>
</Iteration_hits>
  <Iteration_stat>
    <Statistics>
      <Statistics_db-num>0</Statistics_db-num>
      <Statistics_db-len>0</Statistics_db-len>
      <Statistics_hsp-len>25</Statistics_hsp-len>
      <Statistics_eff-space>35863482642</Statistics_eff-space>
      <Statistics_kappa>0.46</Statistics_kappa>
      <Statistics_lambda>1.28</Statistics_lambda>
      <Statistics_entropy>0.85</Statistics_entropy>
    </Statistics>
  </Iteration_stat>
  <Iteration_message>No hits found</Iteration_message>
</Iteration>
<Iteration>
  <Iteration_iter-num>17</Iteration_iter-num>
  <Iteration_query-ID>Query_17</Iteration_query-ID>
  <Iteration_query-def>contig00017 len=143753 cov=77.0 corr=0 origname=NODE_17_length_143753_cov_77.031923_pilon sw=shovill-spades/1.1.0 date=20230202</Iteration_query-def>
  <Iteration_query-len>143753</Iteration_query-len>
<Iteration_hits>
</Iteration_hits>
  <Iteration_stat>
    <Statistics>
      <Statistics_db-num>0</Statistics_db-num>
      <Statistics_db-len>0</Statistics_db-len>
      <Statistics_hsp-len>25</Statistics_hsp-len>
      <Statistics_eff-space>35607318448</Statistics_eff-space>
      <Statistics_kappa>0.46</Statistics_kappa>
      <Statistics_lambda>1.28</Statistics_lambda>
      <Statistics_entropy>0.85</Statistics_entropy>
    </Statistics>
  </Iteration_stat>
  <Iteration_message>No hits found</Iteration_message>
</Iteration>
<Iteration>
  <Iteration_iter-num>18</Iteration_iter-num>
  <Iteration_query-ID>Query_18</Iteration_query-ID>
  <Iteration_query-def>contig00018 len=97979 cov=57.6 corr=0 origname=NODE_18_length_97979_cov_57.610585_pilon sw=shovill-spades/1.1.0 date=20230202</Iteration_query-def>
  <Iteration_query-len>97979</Iteration_query-len>
<Iteration_hits>
</Iteration_hits>
  <Iteration_stat>
    <Statistics>
      <Statistics_db-num>0</Statistics_db-num>
      <Statistics_db-len>0</Statistics_db-len>
      <Statistics_hsp-len>25</Statistics_hsp-len>
      <Statistics_eff-space>24267221914</Statistics_eff-space>
      <Statistics_kappa>0.46</Statistics_kappa>
      <Statistics_lambda>1.28</Statistics_lambda>
      <Statistics_entropy>0.85</Statistics_entropy>
    </Statistics>
  </Iteration_stat>
  <Iteration_message>No hits found</Iteration_message>
</Iteration>
<Iteration>
  <Iteration_iter-num>19</Iteration_iter-num>
  <Iteration_query-ID>Query_19</Iteration_query-ID>
  <Iteration_query-def>contig00019 len=81251 cov=73.4 corr=0 origname=NODE_19_length_81251_cov_73.430514_pilon sw=shovill-spades/1.1.0 date=20230202</Iteration_query-def>
  <Iteration_query-len>81251</Iteration_query-len>
<Iteration_hits>
</Iteration_hits>
  <Iteration_stat>
    <Statistics>
      <Statistics_db-num>0</Statistics_db-num>
      <Statistics_db-len>0</Statistics_db-len>
      <Statistics_hsp-len>24</Statistics_hsp-len>
      <Statistics_eff-space>20136335754</Statistics_eff-space>
      <Statistics_kappa>0.46</Statistics_kappa>
      <Statistics_lambda>1.28</Statistics_lambda>
      <Statistics_entropy>0.85</Statistics_entropy>
    </Statistics>
  </Iteration_stat>
  <Iteration_message>No hits found</Iteration_message>
</Iteration>
<Iteration>
  <Iteration_iter-num>20</Iteration_iter-num>
  <Iteration_query-ID>Query_20</Iteration_query-ID>
  <Iteration_query-def>contig00020 len=66314 cov=79.4 corr=0 origname=NODE_20_length_66314_cov_79.416260_pilon sw=shovill-spades/1.1.0 date=20230202</Iteration_query-def>
  <Iteration_query-len>66314</Iteration_query-len>
<Iteration_hits>
</Iteration_hits>
  <Iteration_stat>
    <Statistics>
      <Statistics_db-num>0</Statistics_db-num>
      <Statistics_db-len>0</Statistics_db-len>
      <Statistics_hsp-len>24</Statistics_hsp-len>
      <Statistics_eff-space>16433423580</Statistics_eff-space>
      <Statistics_kappa>0.46</Statistics_kappa>
      <Statistics_lambda>1.28</Statistics_lambda>
      <Statistics_entropy>0.85</Statistics_entropy>
    </Statistics>
  </Iteration_stat>
  <Iteration_message>No hits found</Iteration_message>
</Iteration>
<Iteration>
  <Iteration_iter-num>21</Iteration_iter-num>
  <Iteration_query-ID>Query_21</Iteration_query-ID>
  <Iteration_query-def>contig00021 len=65852 cov=78.7 corr=0 origname=NODE_21_length_65852_cov_78.749913_pilon sw=shovill-spades/1.1.0 date=20230202</Iteration_query-def>
  <Iteration_query-len>65852</Iteration_query-len>
<Iteration_hits>
</Iteration_hits>
  <Iteration_stat>
    <Statistics>
      <Statistics_db-num>0</Statistics_db-num>
      <Statistics_db-len>0</Statistics_db-len>
      <Statistics_hsp-len>24</Statistics_hsp-len>
      <Statistics_eff-space>16318892856</Statistics_eff-space>
      <Statistics_kappa>0.46</Statistics_kappa>
      <Statistics_lambda>1.28</Statistics_lambda>
      <Statistics_entropy>0.85</Statistics_entropy>
    </Statistics>
  </Iteration_stat>
  <Iteration_message>No hits found</Iteration_message>
</Iteration>
<Iteration>
  <Iteration_iter-num>22</Iteration_iter-num>
  <Iteration_query-ID>Query_22</Iteration_query-ID>
  <Iteration_query-def>contig00022 len=63096 cov=66.3 corr=0 origname=NODE_22_length_63096_cov_66.300656_pilon sw=shovill-spades/1.1.0 date=20230202</Iteration_query-def>
  <Iteration_query-len>63096</Iteration_query-len>
<Iteration_hits>
</Iteration_hits>
  <Iteration_stat>
    <Statistics>
      <Statistics_db-num>0</Statistics_db-num>
      <Statistics_db-len>0</Statistics_db-len>
      <Statistics_hsp-len>24</Statistics_hsp-len>
      <Statistics_eff-space>15635674944</Statistics_eff-space>
      <Statistics_kappa>0.46</Statistics_kappa>
      <Statistics_lambda>1.28</Statistics_lambda>
      <Statistics_entropy>0.85</Statistics_entropy>
    </Statistics>
  </Iteration_stat>
  <Iteration_message>No hits found</Iteration_message>
</Iteration>
<Iteration>
  <Iteration_iter-num>23</Iteration_iter-num>
  <Iteration_query-ID>Query_23</Iteration_query-ID>
  <Iteration_query-def>contig00023 len=60678 cov=66.7 corr=0 origname=NODE_23_length_60678_cov_66.737742_pilon sw=shovill-spades/1.1.0 date=20230202</Iteration_query-def>
  <Iteration_query-len>60678</Iteration_query-len>
<Iteration_hits>
</Iteration_hits>
  <Iteration_stat>
    <Statistics>
      <Statistics_db-num>0</Statistics_db-num>
      <Statistics_db-len>0</Statistics_db-len>
      <Statistics_hsp-len>24</Statistics_hsp-len>
      <Statistics_eff-space>15036247908</Statistics_eff-space>
      <Statistics_kappa>0.46</Statistics_kappa>
      <Statistics_lambda>1.28</Statistics_lambda>
      <Statistics_entropy>0.85</Statistics_entropy>
    </Statistics>
  </Iteration_stat>
  <Iteration_message>No hits found</Iteration_message>
</Iteration>
<Iteration>
  <Iteration_iter-num>24</Iteration_iter-num>
  <Iteration_query-ID>Query_24</Iteration_query-ID>
  <Iteration_query-def>contig00024 len=56261 cov=57.5 corr=0 origname=NODE_24_length_56261_cov_57.506591_pilon sw=shovill-spades/1.1.0 date=20230202</Iteration_query-def>
  <Iteration_query-len>56261</Iteration_query-len>
<Iteration_hits>
</Iteration_hits>
  <Iteration_stat>
    <Statistics>
      <Statistics_db-num>0</Statistics_db-num>
      <Statistics_db-len>0</Statistics_db-len>
      <Statistics_hsp-len>24</Statistics_hsp-len>
      <Statistics_eff-space>13941264774</Statistics_eff-space>
      <Statistics_kappa>0.46</Statistics_kappa>
      <Statistics_lambda>1.28</Statistics_lambda>
      <Statistics_entropy>0.85</Statistics_entropy>
    </Statistics>
  </Iteration_stat>
  <Iteration_message>No hits found</Iteration_message>
</Iteration>
<Iteration>
  <Iteration_iter-num>25</Iteration_iter-num>
  <Iteration_query-ID>Query_25</Iteration_query-ID>
  <Iteration_query-def>contig00025 len=54576 cov=74.7 corr=0 origname=NODE_25_length_54576_cov_74.740399_pilon sw=shovill-spades/1.1.0 date=20230202</Iteration_query-def>
  <Iteration_query-len>54576</Iteration_query-len>
<Iteration_hits>
</Iteration_hits>
  <Iteration_stat>
    <Statistics>
      <Statistics_db-num>0</Statistics_db-num>
      <Statistics_db-len>0</Statistics_db-len>
      <Statistics_hsp-len>24</Statistics_hsp-len>
      <Statistics_eff-space>13523549904</Statistics_eff-space>
      <Statistics_kappa>0.46</Statistics_kappa>
      <Statistics_lambda>1.28</Statistics_lambda>
      <Statistics_entropy>0.85</Statistics_entropy>
    </Statistics>
  </Iteration_stat>
  <Iteration_message>No hits found</Iteration_message>
</Iteration>
<Iteration>
  <Iteration_iter-num>26</Iteration_iter-num>
  <Iteration_query-ID>Query_26</Iteration_query-ID>
  <Iteration_query-def>contig00026 len=48003 cov=76.2 corr=0 origname=NODE_26_length_48003_cov_76.233979_pilon sw=shovill-spades/1.1.0 date=20230202</Iteration_query-def>
  <Iteration_query-len>48003</Iteration_query-len>
<Iteration_hits>
</Iteration_hits>
  <Iteration_stat>
    <Statistics>
      <Statistics_db-num>0</Statistics_db-num>
      <Statistics_db-len>0</Statistics_db-len>
      <Statistics_hsp-len>24</Statistics_hsp-len>
      <Statistics_eff-space>11894090058</Statistics_eff-space>
      <Statistics_kappa>0.46</Statistics_kappa>
      <Statistics_lambda>1.28</Statistics_lambda>
      <Statistics_entropy>0.85</Statistics_entropy>
    </Statistics>
  </Iteration_stat>
  <Iteration_message>No hits found</Iteration_message>
</Iteration>
<Iteration>
  <Iteration_iter-num>27</Iteration_iter-num>
  <Iteration_query-ID>Query_27</Iteration_query-ID>
  <Iteration_query-def>contig00027 len=43912 cov=59.2 corr=0 origname=NODE_27_length_43912_cov_59.243554_pilon sw=shovill-spades/1.1.0 date=20230202</Iteration_query-def>
  <Iteration_query-len>43912</Iteration_query-len>
<Iteration_hits>
</Iteration_hits>
  <Iteration_stat>
    <Statistics>
      <Statistics_db-num>0</Statistics_db-num>
      <Statistics_db-len>0</Statistics_db-len>
      <Statistics_hsp-len>24</Statistics_hsp-len>
      <Statistics_eff-space>10879922976</Statistics_eff-space>
      <Statistics_kappa>0.46</Statistics_kappa>
      <Statistics_lambda>1.28</Statistics_lambda>
      <Statistics_entropy>0.85</Statistics_entropy>
    </Statistics>
  </Iteration_stat>
  <Iteration_message>No hits found</Iteration_message>
</Iteration>
<Iteration>
  <Iteration_iter-num>28</Iteration_iter-num>
  <Iteration_query-ID>Query_28</Iteration_query-ID>
  <Iteration_query-def>contig00028 len=43425 cov=68.2 corr=0 origname=NODE_28_length_43425_cov_68.163356_pilon sw=shovill-spades/1.1.0 date=20230202</Iteration_query-def>
  <Iteration_query-len>43425</Iteration_query-len>
<Iteration_hits>
</Iteration_hits>
  <Iteration_stat>
    <Statistics>
      <Statistics_db-num>0</Statistics_db-num>
      <Statistics_db-len>0</Statistics_db-len>
      <Statistics_hsp-len>24</Statistics_hsp-len>
      <Statistics_eff-space>10759194702</Statistics_eff-space>
      <Statistics_kappa>0.46</Statistics_kappa>
      <Statistics_lambda>1.28</Statistics_lambda>
      <Statistics_entropy>0.85</Statistics_entropy>
    </Statistics>
  </Iteration_stat>
  <Iteration_message>No hits found</Iteration_message>
</Iteration>
<Iteration>
  <Iteration_iter-num>29</Iteration_iter-num>
  <Iteration_query-ID>Query_29</Iteration_query-ID>
  <Iteration_query-def>contig00029 len=42948 cov=76.6 corr=0 origname=NODE_29_length_42948_cov_76.590411_pilon sw=shovill-spades/1.1.0 date=20230202</Iteration_query-def>
  <Iteration_query-len>42948</Iteration_query-len>
<Iteration_hits>
</Iteration_hits>
  <Iteration_stat>
    <Statistics>
      <Statistics_db-num>0</Statistics_db-num>
      <Statistics_db-len>0</Statistics_db-len>
      <Statistics_hsp-len>24</Statistics_hsp-len>
      <Statistics_eff-space>10640945448</Statistics_eff-space>
      <Statistics_kappa>0.46</Statistics_kappa>
      <Statistics_lambda>1.28</Statistics_lambda>
      <Statistics_entropy>0.85</Statistics_entropy>
    </Statistics>
  </Iteration_stat>
  <Iteration_message>No hits found</Iteration_message>
</Iteration>
<Iteration>
  <Iteration_iter-num>30</Iteration_iter-num>
  <Iteration_query-ID>Query_30</Iteration_query-ID>
  <Iteration_query-def>contig00030 len=39165 cov=56.2 corr=0 origname=NODE_30_length_39165_cov_56.198396_pilon sw=shovill-spades/1.1.0 date=20230202</Iteration_query-def>
  <Iteration_query-len>39165</Iteration_query-len>
<Iteration_hits>
</Iteration_hits>
  <Iteration_stat>
    <Statistics>
      <Statistics_db-num>0</Statistics_db-num>
      <Statistics_db-len>0</Statistics_db-len>
      <Statistics_hsp-len>24</Statistics_hsp-len>
      <Statistics_eff-space>9703132182</Statistics_eff-space>
      <Statistics_kappa>0.46</Statistics_kappa>
      <Statistics_lambda>1.28</Statistics_lambda>
      <Statistics_entropy>0.85</Statistics_entropy>
    </Statistics>
  </Iteration_stat>
  <Iteration_message>No hits found</Iteration_message>
</Iteration>
<Iteration>
  <Iteration_iter-num>31</Iteration_iter-num>
  <Iteration_query-ID>Query_31</Iteration_query-ID>
  <Iteration_query-def>contig00031 len=36747 cov=81.5 corr=0 origname=NODE_31_length_36747_cov_81.538422_pilon sw=shovill-spades/1.1.0 date=20230202</Iteration_query-def>
  <Iteration_query-len>36747</Iteration_query-len>
<Iteration_hits>
</Iteration_hits>
  <Iteration_stat>
    <Statistics>
      <Statistics_db-num>0</Statistics_db-num>
      <Statistics_db-len>0</Statistics_db-len>
      <Statistics_hsp-len>23</Statistics_hsp-len>
      <Statistics_eff-space>9109865612</Statistics_eff-space>
      <Statistics_kappa>0.46</Statistics_kappa>
      <Statistics_lambda>1.28</Statistics_lambda>
      <Statistics_entropy>0.85</Statistics_entropy>
    </Statistics>
  </Iteration_stat>
  <Iteration_message>No hits found</Iteration_message>
</Iteration>
<Iteration>
  <Iteration_iter-num>32</Iteration_iter-num>
  <Iteration_query-ID>Query_32</Iteration_query-ID>
  <Iteration_query-def>contig00032 len=33193 cov=57.6 corr=0 origname=NODE_32_length_33193_cov_57.619216_pilon sw=shovill-spades/1.1.0 date=20230202</Iteration_query-def>
  <Iteration_query-len>33193</Iteration_query-len>
<Iteration_hits>
</Iteration_hits>
  <Iteration_stat>
    <Statistics>
      <Statistics_db-num>0</Statistics_db-num>
      <Statistics_db-len>0</Statistics_db-len>
      <Statistics_hsp-len>23</Statistics_hsp-len>
      <Statistics_eff-space>8228249710</Statistics_eff-space>
      <Statistics_kappa>0.46</Statistics_kappa>
      <Statistics_lambda>1.28</Statistics_lambda>
      <Statistics_entropy>0.85</Statistics_entropy>
    </Statistics>
  </Iteration_stat>
  <Iteration_message>No hits found</Iteration_message>
</Iteration>
<Iteration>
  <Iteration_iter-num>33</Iteration_iter-num>
  <Iteration_query-ID>Query_33</Iteration_query-ID>
  <Iteration_query-def>contig00033 len=30970 cov=58.6 corr=0 origname=NODE_33_length_30970_cov_58.598061_pilon sw=shovill-spades/1.1.0 date=20230202</Iteration_query-def>
  <Iteration_query-len>30970</Iteration_query-len>
<Iteration_hits>
</Iteration_hits>
  <Iteration_stat>
    <Statistics>
      <Statistics_db-num>0</Statistics_db-num>
      <Statistics_db-len>0</Statistics_db-len>
      <Statistics_hsp-len>23</Statistics_hsp-len>
      <Statistics_eff-space>7676805661</Statistics_eff-space>
      <Statistics_kappa>0.46</Statistics_kappa>
      <Statistics_lambda>1.28</Statistics_lambda>
      <Statistics_entropy>0.85</Statistics_entropy>
    </Statistics>
  </Iteration_stat>
  <Iteration_message>No hits found</Iteration_message>
</Iteration>
<Iteration>
  <Iteration_iter-num>34</Iteration_iter-num>
  <Iteration_query-ID>Query_34</Iteration_query-ID>
  <Iteration_query-def>contig00034 len=28898 cov=51.4 corr=0 origname=NODE_34_length_28898_cov_51.438497_pilon sw=shovill-spades/1.1.0 date=20230202</Iteration_query-def>
  <Iteration_query-len>28898</Iteration_query-len>
<Iteration_hits>
</Iteration_hits>
  <Iteration_stat>
    <Statistics>
      <Statistics_db-num>0</Statistics_db-num>
      <Statistics_db-len>0</Statistics_db-len>
      <Statistics_hsp-len>23</Statistics_hsp-len>
      <Statistics_eff-space>7162819125</Statistics_eff-space>
      <Statistics_kappa>0.46</Statistics_kappa>
      <Statistics_lambda>1.28</Statistics_lambda>
      <Statistics_entropy>0.85</Statistics_entropy>
    </Statistics>
  </Iteration_stat>
  <Iteration_message>No hits found</Iteration_message>
</Iteration>
<Iteration>
  <Iteration_iter-num>35</Iteration_iter-num>
  <Iteration_query-ID>Query_35</Iteration_query-ID>
  <Iteration_query-def>contig00035 len=23392 cov=52.2 corr=0 origname=NODE_35_length_23392_cov_52.229830_pilon sw=shovill-spades/1.1.0 date=20230202</Iteration_query-def>
  <Iteration_query-len>23392</Iteration_query-len>
<Iteration_hits>
</Iteration_hits>
  <Iteration_stat>
    <Statistics>
      <Statistics_db-num>0</Statistics_db-num>
      <Statistics_db-len>0</Statistics_db-len>
      <Statistics_hsp-len>23</Statistics_hsp-len>
      <Statistics_eff-space>5796984247</Statistics_eff-space>
      <Statistics_kappa>0.46</Statistics_kappa>
      <Statistics_lambda>1.28</Statistics_lambda>
      <Statistics_entropy>0.85</Statistics_entropy>
    </Statistics>
  </Iteration_stat>
  <Iteration_message>No hits found</Iteration_message>
</Iteration>
<Iteration>
  <Iteration_iter-num>36</Iteration_iter-num>
  <Iteration_query-ID>Query_36</Iteration_query-ID>
  <Iteration_query-def>contig00036 len=22398 cov=72.2 corr=0 origname=NODE_36_length_22398_cov_72.235373_pilon sw=shovill-spades/1.1.0 date=20230202</Iteration_query-def>
  <Iteration_query-len>22398</Iteration_query-len>
<Iteration_hits>
</Iteration_hits>
  <Iteration_stat>
    <Statistics>
      <Statistics_db-num>0</Statistics_db-num>
      <Statistics_db-len>0</Statistics_db-len>
      <Statistics_hsp-len>23</Statistics_hsp-len>
      <Statistics_eff-space>5550409625</Statistics_eff-space>
      <Statistics_kappa>0.46</Statistics_kappa>
      <Statistics_lambda>1.28</Statistics_lambda>
      <Statistics_entropy>0.85</Statistics_entropy>
    </Statistics>
  </Iteration_stat>
  <Iteration_message>No hits found</Iteration_message>
</Iteration>
<Iteration>
  <Iteration_iter-num>37</Iteration_iter-num>
  <Iteration_query-ID>Query_37</Iteration_query-ID>
  <Iteration_query-def>contig00037 len=20252 cov=65.8 corr=0 origname=NODE_37_length_20252_cov_65.819876_pilon sw=shovill-spades/1.1.0 date=20230202</Iteration_query-def>
  <Iteration_query-len>20252</Iteration_query-len>
<Iteration_hits>
</Iteration_hits>
  <Iteration_stat>
    <Statistics>
      <Statistics_db-num>0</Statistics_db-num>
      <Statistics_db-len>0</Statistics_db-len>
      <Statistics_hsp-len>23</Statistics_hsp-len>
      <Statistics_eff-space>5018066427</Statistics_eff-space>
      <Statistics_kappa>0.46</Statistics_kappa>
      <Statistics_lambda>1.28</Statistics_lambda>
      <Statistics_entropy>0.85</Statistics_entropy>
    </Statistics>
  </Iteration_stat>
  <Iteration_message>No hits found</Iteration_message>
</Iteration>
<Iteration>
  <Iteration_iter-num>38</Iteration_iter-num>
  <Iteration_query-ID>Query_38</Iteration_query-ID>
  <Iteration_query-def>contig00038 len=17711 cov=49.8 corr=0 origname=NODE_38_length_17711_cov_49.751649_pilon sw=shovill-spades/1.1.0 date=20230202</Iteration_query-def>
  <Iteration_query-len>17711</Iteration_query-len>
<Iteration_hits>
</Iteration_hits>
  <Iteration_stat>
    <Statistics>
      <Statistics_db-num>0</Statistics_db-num>
      <Statistics_db-len>0</Statistics_db-len>
      <Statistics_hsp-len>23</Statistics_hsp-len>
      <Statistics_eff-space>4387738344</Statistics_eff-space>
      <Statistics_kappa>0.46</Statistics_kappa>
      <Statistics_lambda>1.28</Statistics_lambda>
      <Statistics_entropy>0.85</Statistics_entropy>
    </Statistics>
  </Iteration_stat>
  <Iteration_message>No hits found</Iteration_message>
</Iteration>
<Iteration>
  <Iteration_iter-num>39</Iteration_iter-num>
  <Iteration_query-ID>Query_39</Iteration_query-ID>
  <Iteration_query-def>contig00039 len=14916 cov=79.2 corr=0 origname=NODE_39_length_14916_cov_79.223680_pilon sw=shovill-spades/1.1.0 date=20230202</Iteration_query-def>
  <Iteration_query-len>14916</Iteration_query-len>
<Iteration_hits>
</Iteration_hits>
  <Iteration_stat>
    <Statistics>
      <Statistics_db-num>0</Statistics_db-num>
      <Statistics_db-len>0</Statistics_db-len>
      <Statistics_hsp-len>22</Statistics_hsp-len>
      <Statistics_eff-space>3697048256</Statistics_eff-space>
      <Statistics_kappa>0.46</Statistics_kappa>
      <Statistics_lambda>1.28</Statistics_lambda>
      <Statistics_entropy>0.85</Statistics_entropy>
    </Statistics>
  </Iteration_stat>
  <Iteration_message>No hits found</Iteration_message>
</Iteration>
<Iteration>
  <Iteration_iter-num>40</Iteration_iter-num>
  <Iteration_query-ID>Query_40</Iteration_query-ID>
  <Iteration_query-def>contig00040 len=12397 cov=71.8 corr=0 origname=NODE_40_length_12397_cov_71.759250_pilon sw=shovill-spades/1.1.0 date=20230202</Iteration_query-def>
  <Iteration_query-len>12397</Iteration_query-len>
<Iteration_hits>
</Iteration_hits>
  <Iteration_stat>
    <Statistics>
      <Statistics_db-num>0</Statistics_db-num>
      <Statistics_db-len>0</Statistics_db-len>
      <Statistics_hsp-len>22</Statistics_hsp-len>
      <Statistics_eff-space>3071772000</Statistics_eff-space>
      <Statistics_kappa>0.46</Statistics_kappa>
      <Statistics_lambda>1.28</Statistics_lambda>
      <Statistics_entropy>0.85</Statistics_entropy>
    </Statistics>
  </Iteration_stat>
  <Iteration_message>No hits found</Iteration_message>
</Iteration>
<Iteration>
  <Iteration_iter-num>41</Iteration_iter-num>
  <Iteration_query-ID>Query_41</Iteration_query-ID>
  <Iteration_query-def>contig00041 len=9223 cov=79.8 corr=0 origname=NODE_41_length_9223_cov_79.784850_pilon sw=shovill-spades/1.1.0 date=20230202</Iteration_query-def>
  <Iteration_query-len>9223</Iteration_query-len>
<Iteration_hits>
</Iteration_hits>
  <Iteration_stat>
    <Statistics>
      <Statistics_db-num>0</Statistics_db-num>
      <Statistics_db-len>0</Statistics_db-len>
      <Statistics_hsp-len>22</Statistics_hsp-len>
      <Statistics_eff-space>2283909024</Statistics_eff-space>
      <Statistics_kappa>0.46</Statistics_kappa>
      <Statistics_lambda>1.28</Statistics_lambda>
      <Statistics_entropy>0.85</Statistics_entropy>
    </Statistics>
  </Iteration_stat>
  <Iteration_message>No hits found</Iteration_message>
</Iteration>
<Iteration>
  <Iteration_iter-num>42</Iteration_iter-num>
  <Iteration_query-ID>Query_42</Iteration_query-ID>
  <Iteration_query-def>contig00042 len=8585 cov=65.8 corr=0 origname=NODE_42_length_8585_cov_65.813431_pilon sw=shovill-spades/1.1.0 date=20230202</Iteration_query-def>
  <Iteration_query-len>8585</Iteration_query-len>
<Iteration_hits>
</Iteration_hits>
  <Iteration_stat>
    <Statistics>
      <Statistics_db-num>0</Statistics_db-num>
      <Statistics_db-len>0</Statistics_db-len>
      <Statistics_hsp-len>22</Statistics_hsp-len>
      <Statistics_eff-space>2125542112</Statistics_eff-space>
      <Statistics_kappa>0.46</Statistics_kappa>
      <Statistics_lambda>1.28</Statistics_lambda>
      <Statistics_entropy>0.85</Statistics_entropy>
    </Statistics>
  </Iteration_stat>
  <Iteration_message>No hits found</Iteration_message>
</Iteration>
<Iteration>
  <Iteration_iter-num>43</Iteration_iter-num>
  <Iteration_query-ID>Query_43</Iteration_query-ID>
  <Iteration_query-def>contig00043 len=7896 cov=151.4 corr=0 origname=NODE_43_length_7896_cov_151.409834_pilon sw=shovill-spades/1.1.0 date=20230202</Iteration_query-def>
  <Iteration_query-len>7896</Iteration_query-len>
<Iteration_hits>
</Iteration_hits>
  <Iteration_stat>
    <Statistics>
      <Statistics_db-num>0</Statistics_db-num>
      <Statistics_db-len>0</Statistics_db-len>
      <Statistics_hsp-len>22</Statistics_hsp-len>
      <Statistics_eff-space>1954515776</Statistics_eff-space>
      <Statistics_kappa>0.46</Statistics_kappa>
      <Statistics_lambda>1.28</Statistics_lambda>
      <Statistics_entropy>0.85</Statistics_entropy>
    </Statistics>
  </Iteration_stat>
  <Iteration_message>No hits found</Iteration_message>
</Iteration>
<Iteration>
  <Iteration_iter-num>44</Iteration_iter-num>
  <Iteration_query-ID>Query_44</Iteration_query-ID>
  <Iteration_query-def>contig00044 len=7127 cov=69.3 corr=0 origname=NODE_44_length_7127_cov_69.341286_pilon sw=shovill-spades/1.1.0 date=20230202</Iteration_query-def>
  <Iteration_query-len>7127</Iteration_query-len>
<Iteration_hits>
</Iteration_hits>
  <Iteration_stat>
    <Statistics>
      <Statistics_db-num>0</Statistics_db-num>
      <Statistics_db-len>0</Statistics_db-len>
      <Statistics_hsp-len>22</Statistics_hsp-len>
      <Statistics_eff-space>1763631520</Statistics_eff-space>
      <Statistics_kappa>0.46</Statistics_kappa>
      <Statistics_lambda>1.28</Statistics_lambda>
      <Statistics_entropy>0.85</Statistics_entropy>
    </Statistics>
  </Iteration_stat>
  <Iteration_message>No hits found</Iteration_message>
</Iteration>
<Iteration>
  <Iteration_iter-num>45</Iteration_iter-num>
  <Iteration_query-ID>Query_45</Iteration_query-ID>
  <Iteration_query-def>contig00045 len=6852 cov=67.6 corr=0 origname=NODE_45_length_6852_cov_67.625874_pilon sw=shovill-spades/1.1.0 date=20230202</Iteration_query-def>
  <Iteration_query-len>6852</Iteration_query-len>
<Iteration_hits>
</Iteration_hits>
  <Iteration_stat>
    <Statistics>
      <Statistics_db-num>0</Statistics_db-num>
      <Statistics_db-len>0</Statistics_db-len>
      <Statistics_hsp-len>21</Statistics_hsp-len>
      <Statistics_eff-space>1696717935</Statistics_eff-space>
      <Statistics_kappa>0.46</Statistics_kappa>
      <Statistics_lambda>1.28</Statistics_lambda>
      <Statistics_entropy>0.85</Statistics_entropy>
    </Statistics>
  </Iteration_stat>
  <Iteration_message>No hits found</Iteration_message>
</Iteration>
<Iteration>
  <Iteration_iter-num>46</Iteration_iter-num>
  <Iteration_query-ID>Query_46</Iteration_query-ID>
  <Iteration_query-def>contig00046 len=6299 cov=143.0 corr=0 origname=NODE_46_length_6299_cov_142.992547_pilon sw=shovill-spades/1.1.0 date=20230202</Iteration_query-def>
  <Iteration_query-len>6299</Iteration_query-len>
<Iteration_hits>
</Iteration_hits>
  <Iteration_stat>
    <Statistics>
      <Statistics_db-num>0</Statistics_db-num>
      <Statistics_db-len>0</Statistics_db-len>
      <Statistics_hsp-len>21</Statistics_hsp-len>
      <Statistics_eff-space>1559361030</Statistics_eff-space>
      <Statistics_kappa>0.46</Statistics_kappa>
      <Statistics_lambda>1.28</Statistics_lambda>
      <Statistics_entropy>0.85</Statistics_entropy>
    </Statistics>
  </Iteration_stat>
  <Iteration_message>No hits found</Iteration_message>
</Iteration>
<Iteration>
  <Iteration_iter-num>47</Iteration_iter-num>
  <Iteration_query-ID>Query_47</Iteration_query-ID>
  <Iteration_query-def>contig00047 len=6242 cov=79.2 corr=0 origname=NODE_47_length_6242_cov_79.165658_pilon sw=shovill-spades/1.1.0 date=20230202</Iteration_query-def>
  <Iteration_query-len>6242</Iteration_query-len>
<Iteration_hits>
</Iteration_hits>
  <Iteration_stat>
    <Statistics>
      <Statistics_db-num>0</Statistics_db-num>
      <Statistics_db-len>0</Statistics_db-len>
      <Statistics_hsp-len>21</Statistics_hsp-len>
      <Statistics_eff-space>1545203085</Statistics_eff-space>
      <Statistics_kappa>0.46</Statistics_kappa>
      <Statistics_lambda>1.28</Statistics_lambda>
      <Statistics_entropy>0.85</Statistics_entropy>
    </Statistics>
  </Iteration_stat>
  <Iteration_message>No hits found</Iteration_message>
</Iteration>
<Iteration>
  <Iteration_iter-num>48</Iteration_iter-num>
  <Iteration_query-ID>Query_48</Iteration_query-ID>
  <Iteration_query-def>contig00048 len=3913 cov=111.0 corr=0 origname=NODE_48_length_3913_cov_111.041204_pilon sw=shovill-spades/1.1.0 date=20230202</Iteration_query-def>
  <Iteration_query-len>3913</Iteration_query-len>
<Iteration_hits>
</Iteration_hits>
  <Iteration_stat>
    <Statistics>
      <Statistics_db-num>0</Statistics_db-num>
      <Statistics_db-len>0</Statistics_db-len>
      <Statistics_hsp-len>21</Statistics_hsp-len>
      <Statistics_eff-space>966714420</Statistics_eff-space>
      <Statistics_kappa>0.46</Statistics_kappa>
      <Statistics_lambda>1.28</Statistics_lambda>
      <Statistics_entropy>0.85</Statistics_entropy>
    </Statistics>
  </Iteration_stat>
  <Iteration_message>No hits found</Iteration_message>
</Iteration>
<Iteration>
  <Iteration_iter-num>49</Iteration_iter-num>
  <Iteration_query-ID>Query_49</Iteration_query-ID>
  <Iteration_query-def>contig00049 len=3355 cov=503.5 corr=0 origname=NODE_49_length_3355_cov_503.549876_pilon sw=shovill-spades/1.1.0 date=20230202</Iteration_query-def>
  <Iteration_query-len>3355</Iteration_query-len>
<Iteration_hits>
</Iteration_hits>
  <Iteration_stat>
    <Statistics>
      <Statistics_db-num>0</Statistics_db-num>
      <Statistics_db-len>0</Statistics_db-len>
      <Statistics_hsp-len>21</Statistics_hsp-len>
      <Statistics_eff-space>828115590</Statistics_eff-space>
      <Statistics_kappa>0.46</Statistics_kappa>
      <Statistics_lambda>1.28</Statistics_lambda>
      <Statistics_entropy>0.85</Statistics_entropy>
    </Statistics>
  </Iteration_stat>
  <Iteration_message>No hits found</Iteration_message>
</Iteration>
<Iteration>
  <Iteration_iter-num>50</Iteration_iter-num>
  <Iteration_query-ID>Query_50</Iteration_query-ID>
  <Iteration_query-def>contig00050 len=2989 cov=143.5 corr=0 origname=NODE_50_length_2989_cov_143.461915_pilon sw=shovill-spades/1.1.0 date=20230202</Iteration_query-def>
  <Iteration_query-len>2989</Iteration_query-len>
<Iteration_hits>
</Iteration_hits>
  <Iteration_stat>
    <Statistics>
      <Statistics_db-num>0</Statistics_db-num>
      <Statistics_db-len>0</Statistics_db-len>
      <Statistics_hsp-len>21</Statistics_hsp-len>
      <Statistics_eff-space>737206680</Statistics_eff-space>
      <Statistics_kappa>0.46</Statistics_kappa>
      <Statistics_lambda>1.28</Statistics_lambda>
      <Statistics_entropy>0.85</Statistics_entropy>
    </Statistics>
  </Iteration_stat>
  <Iteration_message>No hits found</Iteration_message>
</Iteration>
<Iteration>
  <Iteration_iter-num>51</Iteration_iter-num>
  <Iteration_query-ID>Query_51</Iteration_query-ID>
  <Iteration_query-def>contig00051 len=2744 cov=58.3 corr=0 origname=NODE_51_length_2744_cov_58.252197_pilon sw=shovill-spades/1.1.0 date=20230202</Iteration_query-def>
  <Iteration_query-len>2744</Iteration_query-len>
<Iteration_hits>
</Iteration_hits>
  <Iteration_stat>
    <Statistics>
      <Statistics_db-num>0</Statistics_db-num>
      <Statistics_db-len>0</Statistics_db-len>
      <Statistics_hsp-len>20</Statistics_hsp-len>
      <Statistics_eff-space>677039304</Statistics_eff-space>
      <Statistics_kappa>0.46</Statistics_kappa>
      <Statistics_lambda>1.28</Statistics_lambda>
      <Statistics_entropy>0.85</Statistics_entropy>
    </Statistics>
  </Iteration_stat>
  <Iteration_message>No hits found</Iteration_message>
</Iteration>
<Iteration>
  <Iteration_iter-num>52</Iteration_iter-num>
  <Iteration_query-ID>Query_52</Iteration_query-ID>
  <Iteration_query-def>contig00052 len=2312 cov=86.1 corr=0 origname=NODE_52_length_2312_cov_86.091533_pilon sw=shovill-spades/1.1.0 date=20230202</Iteration_query-def>
  <Iteration_query-len>2312</Iteration_query-len>
<Iteration_hits>
</Iteration_hits>
  <Iteration_stat>
    <Statistics>
      <Statistics_db-num>0</Statistics_db-num>
      <Statistics_db-len>0</Statistics_db-len>
      <Statistics_hsp-len>20</Statistics_hsp-len>
      <Statistics_eff-space>569667432</Statistics_eff-space>
      <Statistics_kappa>0.46</Statistics_kappa>
      <Statistics_lambda>1.28</Statistics_lambda>
      <Statistics_entropy>0.85</Statistics_entropy>
    </Statistics>
  </Iteration_stat>
  <Iteration_message>No hits found</Iteration_message>
</Iteration>
<Iteration>
  <Iteration_iter-num>53</Iteration_iter-num>
  <Iteration_query-ID>Query_53</Iteration_query-ID>
  <Iteration_query-def>contig00053 len=2014 cov=53.2 corr=0 origname=NODE_53_length_2014_cov_53.166932_pilon sw=shovill-spades/1.1.0 date=20230202</Iteration_query-def>
  <Iteration_query-len>2014</Iteration_query-len>
<Iteration_hits>
</Iteration_hits>
  <Iteration_stat>
    <Statistics>
      <Statistics_db-num>0</Statistics_db-num>
      <Statistics_db-len>0</Statistics_db-len>
      <Statistics_hsp-len>20</Statistics_hsp-len>
      <Statistics_eff-space>495600724</Statistics_eff-space>
      <Statistics_kappa>0.46</Statistics_kappa>
      <Statistics_lambda>1.28</Statistics_lambda>
      <Statistics_entropy>0.85</Statistics_entropy>
    </Statistics>
  </Iteration_stat>
  <Iteration_message>No hits found</Iteration_message>
</Iteration>
<Iteration>
  <Iteration_iter-num>54</Iteration_iter-num>
  <Iteration_query-ID>Query_54</Iteration_query-ID>
  <Iteration_query-def>contig00054 len=1987 cov=103.5 corr=0 origname=NODE_54_length_1987_cov_103.496774_pilon sw=shovill-spades/1.1.0 date=20230202</Iteration_query-def>
  <Iteration_query-len>1987</Iteration_query-len>
<Iteration_hits>
</Iteration_hits>
  <Iteration_stat>
    <Statistics>
      <Statistics_db-num>0</Statistics_db-num>
      <Statistics_db-len>0</Statistics_db-len>
      <Statistics_hsp-len>20</Statistics_hsp-len>
      <Statistics_eff-space>488889982</Statistics_eff-space>
      <Statistics_kappa>0.46</Statistics_kappa>
      <Statistics_lambda>1.28</Statistics_lambda>
      <Statistics_entropy>0.85</Statistics_entropy>
    </Statistics>
  </Iteration_stat>
  <Iteration_message>No hits found</Iteration_message>
</Iteration>
<Iteration>
  <Iteration_iter-num>55</Iteration_iter-num>
  <Iteration_query-ID>Query_55</Iteration_query-ID>
  <Iteration_query-def>contig00055 len=1850 cov=52.1 corr=0 origname=NODE_55_length_1850_cov_52.099826_pilon sw=shovill-spades/1.1.0 date=20230202</Iteration_query-def>
  <Iteration_query-len>1850</Iteration_query-len>
<Iteration_hits>
</Iteration_hits>
  <Iteration_stat>
    <Statistics>
      <Statistics_db-num>0</Statistics_db-num>
      <Statistics_db-len>0</Statistics_db-len>
      <Statistics_hsp-len>20</Statistics_hsp-len>
      <Statistics_eff-space>454839180</Statistics_eff-space>
      <Statistics_kappa>0.46</Statistics_kappa>
      <Statistics_lambda>1.28</Statistics_lambda>
      <Statistics_entropy>0.85</Statistics_entropy>
    </Statistics>
  </Iteration_stat>
  <Iteration_message>No hits found</Iteration_message>
</Iteration>
<Iteration>
  <Iteration_iter-num>56</Iteration_iter-num>
  <Iteration_query-ID>Query_56</Iteration_query-ID>
  <Iteration_query-def>contig00056 len=1833 cov=83.3 corr=0 origname=NODE_56_length_1833_cov_83.332943_pilon sw=shovill-spades/1.1.0 date=20230202</Iteration_query-def>
  <Iteration_query-len>1833</Iteration_query-len>
<Iteration_hits>
</Iteration_hits>
  <Iteration_stat>
    <Statistics>
      <Statistics_db-num>0</Statistics_db-num>
      <Statistics_db-len>0</Statistics_db-len>
      <Statistics_hsp-len>20</Statistics_hsp-len>
      <Statistics_eff-space>450613898</Statistics_eff-space>
      <Statistics_kappa>0.46</Statistics_kappa>
      <Statistics_lambda>1.28</Statistics_lambda>
      <Statistics_entropy>0.85</Statistics_entropy>
    </Statistics>
  </Iteration_stat>
  <Iteration_message>No hits found</Iteration_message>
</Iteration>
<Iteration>
  <Iteration_iter-num>57</Iteration_iter-num>
  <Iteration_query-ID>Query_57</Iteration_query-ID>
  <Iteration_query-def>contig00057 len=1450 cov=522.2 corr=0 origname=NODE_57_length_1450_cov_522.182162_pilon sw=shovill-spades/1.1.0 date=20230202</Iteration_query-def>
  <Iteration_query-len>1450</Iteration_query-len>
<Iteration_hits>
</Iteration_hits>
  <Iteration_stat>
    <Statistics>
      <Statistics_db-num>0</Statistics_db-num>
      <Statistics_db-len>0</Statistics_db-len>
      <Statistics_hsp-len>20</Statistics_hsp-len>
      <Statistics_eff-space>355420780</Statistics_eff-space>
      <Statistics_kappa>0.46</Statistics_kappa>
      <Statistics_lambda>1.28</Statistics_lambda>
      <Statistics_entropy>0.85</Statistics_entropy>
    </Statistics>
  </Iteration_stat>
  <Iteration_message>No hits found</Iteration_message>
</Iteration>
<Iteration>
  <Iteration_iter-num>58</Iteration_iter-num>
  <Iteration_query-ID>Query_58</Iteration_query-ID>
  <Iteration_query-def>contig00058 len=1445 cov=134.4 corr=0 origname=NODE_58_length_1445_cov_134.427921_pilon sw=shovill-spades/1.1.0 date=20230202</Iteration_query-def>
  <Iteration_query-len>1445</Iteration_query-len>
<Iteration_hits>
</Iteration_hits>
  <Iteration_stat>
    <Statistics>
      <Statistics_db-num>0</Statistics_db-num>
      <Statistics_db-len>0</Statistics_db-len>
      <Statistics_hsp-len>20</Statistics_hsp-len>
      <Statistics_eff-space>354178050</Statistics_eff-space>
      <Statistics_kappa>0.46</Statistics_kappa>
      <Statistics_lambda>1.28</Statistics_lambda>
      <Statistics_entropy>0.85</Statistics_entropy>
    </Statistics>
  </Iteration_stat>
  <Iteration_message>No hits found</Iteration_message>
</Iteration>
<Iteration>
  <Iteration_iter-num>59</Iteration_iter-num>
  <Iteration_query-ID>Query_59</Iteration_query-ID>
  <Iteration_query-def>contig00059 len=1358 cov=130.8 corr=0 origname=NODE_59_length_1358_cov_130.764419_pilon sw=shovill-spades/1.1.0 date=20230202</Iteration_query-def>
  <Iteration_query-len>1358</Iteration_query-len>
<Iteration_hits>
</Iteration_hits>
  <Iteration_stat>
    <Statistics>
      <Statistics_db-num>0</Statistics_db-num>
      <Statistics_db-len>0</Statistics_db-len>
      <Statistics_hsp-len>20</Statistics_hsp-len>
      <Statistics_eff-space>332554548</Statistics_eff-space>
      <Statistics_kappa>0.46</Statistics_kappa>
      <Statistics_lambda>1.28</Statistics_lambda>
      <Statistics_entropy>0.85</Statistics_entropy>
    </Statistics>
  </Iteration_stat>
  <Iteration_message>No hits found</Iteration_message>
</Iteration>
<Iteration>
  <Iteration_iter-num>60</Iteration_iter-num>
  <Iteration_query-ID>Query_60</Iteration_query-ID>
  <Iteration_query-def>contig00060 len=1262 cov=142.5 corr=0 origname=NODE_60_length_1262_cov_142.484581_pilon sw=shovill-spades/1.1.0 date=20230202</Iteration_query-def>
  <Iteration_query-len>1262</Iteration_query-len>
<Iteration_hits>
</Iteration_hits>
  <Iteration_stat>
    <Statistics>
      <Statistics_db-num>0</Statistics_db-num>
      <Statistics_db-len>0</Statistics_db-len>
      <Statistics_hsp-len>19</Statistics_hsp-len>
      <Statistics_eff-space>309142801</Statistics_eff-space>
      <Statistics_kappa>0.46</Statistics_kappa>
      <Statistics_lambda>1.28</Statistics_lambda>
      <Statistics_entropy>0.85</Statistics_entropy>
    </Statistics>
  </Iteration_stat>
  <Iteration_message>No hits found</Iteration_message>
</Iteration>
<Iteration>
  <Iteration_iter-num>61</Iteration_iter-num>
  <Iteration_query-ID>Query_61</Iteration_query-ID>
  <Iteration_query-def>contig00061 len=1075 cov=72.5 corr=0 origname=NODE_61_length_1075_cov_72.469409_pilon sw=shovill-spades/1.1.0 date=20230202</Iteration_query-def>
  <Iteration_query-len>1075</Iteration_query-len>
<Iteration_hits>
</Iteration_hits>
  <Iteration_stat>
    <Statistics>
      <Statistics_db-num>0</Statistics_db-num>
      <Statistics_db-len>0</Statistics_db-len>
      <Statistics_hsp-len>19</Statistics_hsp-len>
      <Statistics_eff-space>262634592</Statistics_eff-space>
      <Statistics_kappa>0.46</Statistics_kappa>
      <Statistics_lambda>1.28</Statistics_lambda>
      <Statistics_entropy>0.85</Statistics_entropy>
    </Statistics>
  </Iteration_stat>
  <Iteration_message>No hits found</Iteration_message>
</Iteration>
<Iteration>
  <Iteration_iter-num>62</Iteration_iter-num>
  <Iteration_query-ID>Query_62</Iteration_query-ID>
  <Iteration_query-def>contig00062 len=1074 cov=52.8 corr=0 origname=NODE_62_length_1074_cov_52.823654_pilon sw=shovill-spades/1.1.0 date=20230202</Iteration_query-def>
  <Iteration_query-len>1074</Iteration_query-len>
<Iteration_hits>
</Iteration_hits>
  <Iteration_stat>
    <Statistics>
      <Statistics_db-num>0</Statistics_db-num>
      <Statistics_db-len>0</Statistics_db-len>
      <Statistics_hsp-len>19</Statistics_hsp-len>
      <Statistics_eff-space>262385885</Statistics_eff-space>
      <Statistics_kappa>0.46</Statistics_kappa>
      <Statistics_lambda>1.28</Statistics_lambda>
      <Statistics_entropy>0.85</Statistics_entropy>
    </Statistics>
  </Iteration_stat>
  <Iteration_message>No hits found</Iteration_message>
</Iteration>
<Iteration>
  <Iteration_iter-num>63</Iteration_iter-num>
  <Iteration_query-ID>Query_63</Iteration_query-ID>
  <Iteration_query-def>contig00063 len=923 cov=298.8 corr=0 origname=NODE_63_length_923_cov_298.800251_pilon sw=shovill-spades/1.1.0 date=20230202</Iteration_query-def>
  <Iteration_query-len>923</Iteration_query-len>
<Iteration_hits>
</Iteration_hits>
  <Iteration_stat>
    <Statistics>
      <Statistics_db-num>0</Statistics_db-num>
      <Statistics_db-len>0</Statistics_db-len>
      <Statistics_hsp-len>19</Statistics_hsp-len>
      <Statistics_eff-space>224831128</Statistics_eff-space>
      <Statistics_kappa>0.46</Statistics_kappa>
      <Statistics_lambda>1.28</Statistics_lambda>
      <Statistics_entropy>0.85</Statistics_entropy>
    </Statistics>
  </Iteration_stat>
  <Iteration_message>No hits found</Iteration_message>
</Iteration>
<Iteration>
  <Iteration_iter-num>64</Iteration_iter-num>
  <Iteration_query-ID>Query_64</Iteration_query-ID>
  <Iteration_query-def>contig00064 len=853 cov=96.8 corr=0 origname=NODE_64_length_853_cov_96.775482_pilon sw=shovill-spades/1.1.0 date=20230202</Iteration_query-def>
  <Iteration_query-len>853</Iteration_query-len>
<Iteration_hits>
</Iteration_hits>
  <Iteration_stat>
    <Statistics>
      <Statistics_db-num>0</Statistics_db-num>
      <Statistics_db-len>0</Statistics_db-len>
      <Statistics_hsp-len>19</Statistics_hsp-len>
      <Statistics_eff-space>207421638</Statistics_eff-space>
      <Statistics_kappa>0.46</Statistics_kappa>
      <Statistics_lambda>1.28</Statistics_lambda>
      <Statistics_entropy>0.85</Statistics_entropy>
    </Statistics>
  </Iteration_stat>
  <Iteration_message>No hits found</Iteration_message>
</Iteration>
<Iteration>
  <Iteration_iter-num>65</Iteration_iter-num>
  <Iteration_query-ID>Query_65</Iteration_query-ID>
  <Iteration_query-def>contig00065 len=768 cov=299.7 corr=0 origname=NODE_65_length_768_cov_299.675507_pilon sw=shovill-spades/1.1.0 date=20230202</Iteration_query-def>
  <Iteration_query-len>768</Iteration_query-len>
<Iteration_hits>
</Iteration_hits>
  <Iteration_stat>
    <Statistics>
      <Statistics_db-num>0</Statistics_db-num>
      <Statistics_db-len>0</Statistics_db-len>
      <Statistics_hsp-len>19</Statistics_hsp-len>
      <Statistics_eff-space>186281543</Statistics_eff-space>
      <Statistics_kappa>0.46</Statistics_kappa>
      <Statistics_lambda>1.28</Statistics_lambda>
      <Statistics_entropy>0.85</Statistics_entropy>
    </Statistics>
  </Iteration_stat>
  <Iteration_message>No hits found</Iteration_message>
</Iteration>
<Iteration>
  <Iteration_iter-num>66</Iteration_iter-num>
  <Iteration_query-ID>Query_66</Iteration_query-ID>
  <Iteration_query-def>contig00066 len=737 cov=370.2 corr=0 origname=NODE_66_length_737_cov_370.245902_pilon sw=shovill-spades/1.1.0 date=20230202</Iteration_query-def>
  <Iteration_query-len>737</Iteration_query-len>
<Iteration_hits>
</Iteration_hits>
  <Iteration_stat>
    <Statistics>
      <Statistics_db-num>0</Statistics_db-num>
      <Statistics_db-len>0</Statistics_db-len>
      <Statistics_hsp-len>19</Statistics_hsp-len>
      <Statistics_eff-space>178571626</Statistics_eff-space>
      <Statistics_kappa>0.46</Statistics_kappa>
      <Statistics_lambda>1.28</Statistics_lambda>
      <Statistics_entropy>0.85</Statistics_entropy>
    </Statistics>
  </Iteration_stat>
  <Iteration_message>No hits found</Iteration_message>
</Iteration>
<Iteration>
  <Iteration_iter-num>67</Iteration_iter-num>
  <Iteration_query-ID>Query_67</Iteration_query-ID>
  <Iteration_query-def>contig00067 len=637 cov=99.0 corr=0 origname=NODE_67_length_637_cov_98.984314_pilon sw=shovill-spades/1.1.0 date=20230202</Iteration_query-def>
  <Iteration_query-len>637</Iteration_query-len>
<Iteration_hits>
<Hit>
  <Hit_num>1</Hit_num>
  <Hit_id>tet(A)_6_AF534183</Hit_id>
  <Hit_def>tet(A)_6_AF534183</Hit_def>
  <Hit_accession>Subject_49</Hit_accession>
  <Hit_len>1275</Hit_len>
  <Hit_hsps>
    <Hsp>
      <Hsp_num>1</Hsp_num>
      <Hsp_bit-score>63.9064</Hsp_bit-score>
      <Hsp_score>34</Hsp_score>
      <Hsp_evalue>8.89075e-12</Hsp_evalue>
      <Hsp_query-from>158</Hsp_query-from>
      <Hsp_query-to>194</Hsp_query-to>
      <Hsp_hit-from>1275</Hsp_hit-from>
      <Hsp_hit-to>1239</Hsp_hit-to>
      <Hsp_query-frame>1</Hsp_query-frame>
      <Hsp_hit-frame>-1</Hsp_hit-frame>
      <Hsp_identity>36</Hsp_identity>
      <Hsp_positive>36</Hsp_positive>
      <Hsp_gaps>0</Hsp_gaps>
      <Hsp_align-len>37</Hsp_align-len>
      <Hsp_qseq>CTATGTGCAACGGGAATTTGAAGAATTTCTCCAATGC</Hsp_qseq>
      <Hsp_hseq>CTATGTGCAACGGGAATTTGAAGAATTTCTCCAAAGC</Hsp_hseq>
      <Hsp_midline>|||||||||||||||||||||||||||||||||| ||</Hsp_midline>
    </Hsp>
  </Hit_hsps>
</Hit>
</Iteration_hits>
  <Iteration_stat>
    <Statistics>
      <Statistics_db-num>0</Statistics_db-num>
      <Statistics_db-len>0</Statistics_db-len>
      <Statistics_hsp-len>19</Statistics_hsp-len>
      <Statistics_eff-space>153700926</Statistics_eff-space>
      <Statistics_kappa>0.46</Statistics_kappa>
      <Statistics_lambda>1.28</Statistics_lambda>
      <Statistics_entropy>0.85</Statistics_entropy>
    </Statistics>
  </Iteration_stat>
</Iteration>
<Iteration>
  <Iteration_iter-num>68</Iteration_iter-num>
  <Iteration_query-ID>Query_68</Iteration_query-ID>
  <Iteration_query-def>contig00068 len=594 cov=129.4 corr=0 origname=NODE_68_length_594_cov_129.398287_pilon sw=shovill-spades/1.1.0 date=20230202</Iteration_query-def>
  <Iteration_query-len>594</Iteration_query-len>
<Iteration_hits>
</Iteration_hits>
  <Iteration_stat>
    <Statistics>
      <Statistics_db-num>0</Statistics_db-num>
      <Statistics_db-len>0</Statistics_db-len>
      <Statistics_hsp-len>19</Statistics_hsp-len>
      <Statistics_eff-space>143006525</Statistics_eff-space>
      <Statistics_kappa>0.46</Statistics_kappa>
      <Statistics_lambda>1.28</Statistics_lambda>
      <Statistics_entropy>0.85</Statistics_entropy>
    </Statistics>
  </Iteration_stat>
  <Iteration_message>No hits found</Iteration_message>
</Iteration>
<Iteration>
  <Iteration_iter-num>69</Iteration_iter-num>
  <Iteration_query-ID>Query_69</Iteration_query-ID>
  <Iteration_query-def>contig00069 len=438 cov=49.9 corr=0 origname=NODE_69_length_438_cov_49.913183_pilon sw=shovill-spades/1.1.0 date=20230202</Iteration_query-def>
  <Iteration_query-len>438</Iteration_query-len>
<Iteration_hits>
<Hit>
  <Hit_num>1</Hit_num>
  <Hit_id>tet(A)_6_AF534183</Hit_id>
  <Hit_def>tet(A)_6_AF534183</Hit_def>
  <Hit_accession>Subject_49</Hit_accession>
  <Hit_len>1275</Hit_len>
  <Hit_hsps>
    <Hsp>
      <Hsp_num>1</Hsp_num>
      <Hsp_bit-score>63.9064</Hsp_bit-score>
      <Hsp_score>34</Hsp_score>
      <Hsp_evalue>6.04617e-12</Hsp_evalue>
      <Hsp_query-from>59</Hsp_query-from>
      <Hsp_query-to>95</Hsp_query-to>
      <Hsp_hit-from>1239</Hsp_hit-from>
      <Hsp_hit-to>1275</Hsp_hit-to>
      <Hsp_query-frame>1</Hsp_query-frame>
      <Hsp_hit-frame>1</Hsp_hit-frame>
      <Hsp_identity>36</Hsp_identity>
      <Hsp_positive>36</Hsp_positive>
      <Hsp_gaps>0</Hsp_gaps>
      <Hsp_align-len>37</Hsp_align-len>
      <Hsp_qseq>GCATTGGAGAAATTCTTCAAATTCCCGTTGCACATAG</Hsp_qseq>
      <Hsp_hseq>GCTTTGGAGAAATTCTTCAAATTCCCGTTGCACATAG</Hsp_hseq>
      <Hsp_midline>|| ||||||||||||||||||||||||||||||||||</Hsp_midline>
    </Hsp>
  </Hit_hsps>
</Hit>
</Iteration_hits>
  <Iteration_stat>
    <Statistics>
      <Statistics_db-num>0</Statistics_db-num>
      <Statistics_db-len>0</Statistics_db-len>
      <Statistics_hsp-len>18</Statistics_hsp-len>
      <Statistics_eff-space>104524560</Statistics_eff-space>
      <Statistics_kappa>0.46</Statistics_kappa>
      <Statistics_lambda>1.28</Statistics_lambda>
      <Statistics_entropy>0.85</Statistics_entropy>
    </Statistics>
  </Iteration_stat>
</Iteration>
<Iteration>
  <Iteration_iter-num>70</Iteration_iter-num>
  <Iteration_query-ID>Query_70</Iteration_query-ID>
  <Iteration_query-def>contig00070 len=437 cov=244.6 corr=0 origname=NODE_70_length_437_cov_244.577419_pilon sw=shovill-spades/1.1.0 date=20230202</Iteration_query-def>
  <Iteration_query-len>437</Iteration_query-len>
<Iteration_hits>
</Iteration_hits>
  <Iteration_stat>
    <Statistics>
      <Statistics_db-num>0</Statistics_db-num>
      <Statistics_db-len>0</Statistics_db-len>
      <Statistics_hsp-len>18</Statistics_hsp-len>
      <Statistics_eff-space>104275692</Statistics_eff-space>
      <Statistics_kappa>0.46</Statistics_kappa>
      <Statistics_lambda>1.28</Statistics_lambda>
      <Statistics_entropy>0.85</Statistics_entropy>
    </Statistics>
  </Iteration_stat>
  <Iteration_message>No hits found</Iteration_message>
</Iteration>
<Iteration>
  <Iteration_iter-num>71</Iteration_iter-num>
  <Iteration_query-ID>Query_71</Iteration_query-ID>
  <Iteration_query-def>contig00071 len=369 cov=43.1 corr=0 origname=NODE_71_length_369_cov_43.132231_pilon sw=shovill-spades/1.1.0 date=20230202</Iteration_query-def>
  <Iteration_query-len>369</Iteration_query-len>
<Iteration_hits>
</Iteration_hits>
  <Iteration_stat>
    <Statistics>
      <Statistics_db-num>0</Statistics_db-num>
      <Statistics_db-len>0</Statistics_db-len>
      <Statistics_hsp-len>18</Statistics_hsp-len>
      <Statistics_eff-space>87352668</Statistics_eff-space>
      <Statistics_kappa>0.46</Statistics_kappa>
      <Statistics_lambda>1.28</Statistics_lambda>
      <Statistics_entropy>0.85</Statistics_entropy>
    </Statistics>
  </Iteration_stat>
  <Iteration_message>No hits found</Iteration_message>
</Iteration>
<Iteration>
  <Iteration_iter-num>72</Iteration_iter-num>
  <Iteration_query-ID>Query_72</Iteration_query-ID>
  <Iteration_query-def>contig00072 len=363 cov=48.1 corr=0 origname=NODE_72_length_363_cov_48.097458_pilon sw=shovill-spades/1.1.0 date=20230202</Iteration_query-def>
  <Iteration_query-len>363</Iteration_query-len>
<Iteration_hits>
</Iteration_hits>
  <Iteration_stat>
    <Statistics>
      <Statistics_db-num>0</Statistics_db-num>
      <Statistics_db-len>0</Statistics_db-len>
      <Statistics_hsp-len>18</Statistics_hsp-len>
      <Statistics_eff-space>85859460</Statistics_eff-space>
      <Statistics_kappa>0.46</Statistics_kappa>
      <Statistics_lambda>1.28</Statistics_lambda>
      <Statistics_entropy>0.85</Statistics_entropy>
    </Statistics>
  </Iteration_stat>
  <Iteration_message>No hits found</Iteration_message>
</Iteration>
<Iteration>
  <Iteration_iter-num>73</Iteration_iter-num>
  <Iteration_query-ID>Query_73</Iteration_query-ID>
  <Iteration_query-def>contig00073 len=318 cov=93.8 corr=0 origname=NODE_73_length_318_cov_93.780105_pilon sw=shovill-spades/1.1.0 date=20230202</Iteration_query-def>
  <Iteration_query-len>318</Iteration_query-len>
<Iteration_hits>
</Iteration_hits>
  <Iteration_stat>
    <Statistics>
      <Statistics_db-num>0</Statistics_db-num>
      <Statistics_db-len>0</Statistics_db-len>
      <Statistics_hsp-len>18</Statistics_hsp-len>
      <Statistics_eff-space>74660400</Statistics_eff-space>
      <Statistics_kappa>0.46</Statistics_kappa>
      <Statistics_lambda>1.28</Statistics_lambda>
      <Statistics_entropy>0.85</Statistics_entropy>
    </Statistics>
  </Iteration_stat>
  <Iteration_message>No hits found</Iteration_message>
</Iteration>
<Iteration>
  <Iteration_iter-num>74</Iteration_iter-num>
  <Iteration_query-ID>Query_74</Iteration_query-ID>
  <Iteration_query-def>contig00074 len=293 cov=52.3 corr=0 origname=NODE_74_length_293_cov_52.325301_pilon sw=shovill-spades/1.1.0 date=20230202</Iteration_query-def>
  <Iteration_query-len>293</Iteration_query-len>
<Iteration_hits>
</Iteration_hits>
  <Iteration_stat>
    <Statistics>
      <Statistics_db-num>0</Statistics_db-num>
      <Statistics_db-len>0</Statistics_db-len>
      <Statistics_hsp-len>18</Statistics_hsp-len>
      <Statistics_eff-space>68438700</Statistics_eff-space>
      <Statistics_kappa>0.46</Statistics_kappa>
      <Statistics_lambda>1.28</Statistics_lambda>
      <Statistics_entropy>0.85</Statistics_entropy>
    </Statistics>
  </Iteration_stat>
  <Iteration_message>No hits found</Iteration_message>
</Iteration>
<Iteration>
  <Iteration_iter-num>75</Iteration_iter-num>
  <Iteration_query-ID>Query_75</Iteration_query-ID>
  <Iteration_query-def>contig00075 len=265 cov=1441.2 corr=0 origname=NODE_75_length_265_cov_1441.188406_pilon sw=shovill-spades/1.1.0 date=20230202</Iteration_query-def>
  <Iteration_query-len>265</Iteration_query-len>
<Iteration_hits>
</Iteration_hits>
  <Iteration_stat>
    <Statistics>
      <Statistics_db-num>0</Statistics_db-num>
      <Statistics_db-len>0</Statistics_db-len>
      <Statistics_hsp-len>18</Statistics_hsp-len>
      <Statistics_eff-space>61470396</Statistics_eff-space>
      <Statistics_kappa>0.46</Statistics_kappa>
      <Statistics_lambda>1.28</Statistics_lambda>
      <Statistics_entropy>0.85</Statistics_entropy>
    </Statistics>
  </Iteration_stat>
  <Iteration_message>No hits found</Iteration_message>
</Iteration>
<Iteration>
  <Iteration_iter-num>76</Iteration_iter-num>
  <Iteration_query-ID>Query_76</Iteration_query-ID>
  <Iteration_query-def>contig00076 len=255 cov=80.0 corr=0 origname=NODE_80_length_255_cov_79.992188_pilon sw=shovill-spades/1.1.0 date=20230202</Iteration_query-def>
  <Iteration_query-len>255</Iteration_query-len>
<Iteration_hits>
</Iteration_hits>
  <Iteration_stat>
    <Statistics>
      <Statistics_db-num>0</Statistics_db-num>
      <Statistics_db-len>0</Statistics_db-len>
      <Statistics_hsp-len>18</Statistics_hsp-len>
      <Statistics_eff-space>58981716</Statistics_eff-space>
      <Statistics_kappa>0.46</Statistics_kappa>
      <Statistics_lambda>1.28</Statistics_lambda>
      <Statistics_entropy>0.85</Statistics_entropy>
    </Statistics>
  </Iteration_stat>
  <Iteration_message>No hits found</Iteration_message>
</Iteration>
<Iteration>
  <Iteration_iter-num>77</Iteration_iter-num>
  <Iteration_query-ID>Query_77</Iteration_query-ID>
  <Iteration_query-def>contig00077 len=255 cov=261.1 corr=0 origname=NODE_79_length_255_cov_261.117188_pilon sw=shovill-spades/1.1.0 date=20230202</Iteration_query-def>
  <Iteration_query-len>255</Iteration_query-len>
<Iteration_hits>
</Iteration_hits>
  <Iteration_stat>
    <Statistics>
      <Statistics_db-num>0</Statistics_db-num>
      <Statistics_db-len>0</Statistics_db-len>
      <Statistics_hsp-len>18</Statistics_hsp-len>
      <Statistics_eff-space>58981716</Statistics_eff-space>
      <Statistics_kappa>0.46</Statistics_kappa>
      <Statistics_lambda>1.28</Statistics_lambda>
      <Statistics_entropy>0.85</Statistics_entropy>
    </Statistics>
  </Iteration_stat>
  <Iteration_message>No hits found</Iteration_message>
</Iteration>
<Iteration>
  <Iteration_iter-num>78</Iteration_iter-num>
  <Iteration_query-ID>Query_78</Iteration_query-ID>
  <Iteration_query-def>contig00078 len=255 cov=70.5 corr=0 origname=NODE_81_length_255_cov_70.492188_pilon sw=shovill-spades/1.1.0 date=20230202</Iteration_query-def>
  <Iteration_query-len>255</Iteration_query-len>
<Iteration_hits>
</Iteration_hits>
  <Iteration_stat>
    <Statistics>
      <Statistics_db-num>0</Statistics_db-num>
      <Statistics_db-len>0</Statistics_db-len>
      <Statistics_hsp-len>18</Statistics_hsp-len>
      <Statistics_eff-space>58981716</Statistics_eff-space>
      <Statistics_kappa>0.46</Statistics_kappa>
      <Statistics_lambda>1.28</Statistics_lambda>
      <Statistics_entropy>0.85</Statistics_entropy>
    </Statistics>
  </Iteration_stat>
  <Iteration_message>No hits found</Iteration_message>
</Iteration>
<Iteration>
  <Iteration_iter-num>79</Iteration_iter-num>
  <Iteration_query-ID>Query_79</Iteration_query-ID>
  <Iteration_query-def>contig00079 len=255 cov=51.1 corr=0 origname=NODE_83_length_255_cov_51.093750_pilon sw=shovill-spades/1.1.0 date=20230202</Iteration_query-def>
  <Iteration_query-len>255</Iteration_query-len>
<Iteration_hits>
</Iteration_hits>
  <Iteration_stat>
    <Statistics>
      <Statistics_db-num>0</Statistics_db-num>
      <Statistics_db-len>0</Statistics_db-len>
      <Statistics_hsp-len>18</Statistics_hsp-len>
      <Statistics_eff-space>58981716</Statistics_eff-space>
      <Statistics_kappa>0.46</Statistics_kappa>
      <Statistics_lambda>1.28</Statistics_lambda>
      <Statistics_entropy>0.85</Statistics_entropy>
    </Statistics>
  </Iteration_stat>
  <Iteration_message>No hits found</Iteration_message>
</Iteration>
<Iteration>
  <Iteration_iter-num>80</Iteration_iter-num>
  <Iteration_query-ID>Query_80</Iteration_query-ID>
  <Iteration_query-def>contig00080 len=255 cov=793.3 corr=0 origname=NODE_76_length_255_cov_793.312500_pilon sw=shovill-spades/1.1.0 date=20230202</Iteration_query-def>
  <Iteration_query-len>255</Iteration_query-len>
<Iteration_hits>
</Iteration_hits>
  <Iteration_stat>
    <Statistics>
      <Statistics_db-num>0</Statistics_db-num>
      <Statistics_db-len>0</Statistics_db-len>
      <Statistics_hsp-len>18</Statistics_hsp-len>
      <Statistics_eff-space>58981716</Statistics_eff-space>
      <Statistics_kappa>0.46</Statistics_kappa>
      <Statistics_lambda>1.28</Statistics_lambda>
      <Statistics_entropy>0.85</Statistics_entropy>
    </Statistics>
  </Iteration_stat>
  <Iteration_message>No hits found</Iteration_message>
</Iteration>
<Iteration>
  <Iteration_iter-num>81</Iteration_iter-num>
  <Iteration_query-ID>Query_81</Iteration_query-ID>
  <Iteration_query-def>contig00081 len=255 cov=315.4 corr=0 origname=NODE_77_length_255_cov_315.414062_pilon sw=shovill-spades/1.1.0 date=20230202</Iteration_query-def>
  <Iteration_query-len>255</Iteration_query-len>
<Iteration_hits>
</Iteration_hits>
  <Iteration_stat>
    <Statistics>
      <Statistics_db-num>0</Statistics_db-num>
      <Statistics_db-len>0</Statistics_db-len>
      <Statistics_hsp-len>18</Statistics_hsp-len>
      <Statistics_eff-space>58981716</Statistics_eff-space>
      <Statistics_kappa>0.46</Statistics_kappa>
      <Statistics_lambda>1.28</Statistics_lambda>
      <Statistics_entropy>0.85</Statistics_entropy>
    </Statistics>
  </Iteration_stat>
  <Iteration_message>No hits found</Iteration_message>
</Iteration>
<Iteration>
  <Iteration_iter-num>82</Iteration_iter-num>
  <Iteration_query-ID>Query_82</Iteration_query-ID>
  <Iteration_query-def>contig00082 len=255 cov=281.7 corr=0 origname=NODE_78_length_255_cov_281.726562_pilon sw=shovill-spades/1.1.0 date=20230202</Iteration_query-def>
  <Iteration_query-len>255</Iteration_query-len>
<Iteration_hits>
</Iteration_hits>
  <Iteration_stat>
    <Statistics>
      <Statistics_db-num>0</Statistics_db-num>
      <Statistics_db-len>0</Statistics_db-len>
      <Statistics_hsp-len>18</Statistics_hsp-len>
      <Statistics_eff-space>58981716</Statistics_eff-space>
      <Statistics_kappa>0.46</Statistics_kappa>
      <Statistics_lambda>1.28</Statistics_lambda>
      <Statistics_entropy>0.85</Statistics_entropy>
    </Statistics>
  </Iteration_stat>
  <Iteration_message>No hits found</Iteration_message>
</Iteration>
<Iteration>
  <Iteration_iter-num>83</Iteration_iter-num>
  <Iteration_query-ID>Query_83</Iteration_query-ID>
  <Iteration_query-def>contig00083 len=255 cov=56.0 corr=0 origname=NODE_82_length_255_cov_56.046875_pilon sw=shovill-spades/1.1.0 date=20230202</Iteration_query-def>
  <Iteration_query-len>255</Iteration_query-len>
<Iteration_hits>
</Iteration_hits>
  <Iteration_stat>
    <Statistics>
      <Statistics_db-num>0</Statistics_db-num>
      <Statistics_db-len>0</Statistics_db-len>
      <Statistics_hsp-len>18</Statistics_hsp-len>
      <Statistics_eff-space>58981716</Statistics_eff-space>
      <Statistics_kappa>0.46</Statistics_kappa>
      <Statistics_lambda>1.28</Statistics_lambda>
      <Statistics_entropy>0.85</Statistics_entropy>
    </Statistics>
  </Iteration_stat>
  <Iteration_message>No hits found</Iteration_message>
</Iteration>
<Iteration>
  <Iteration_iter-num>84</Iteration_iter-num>
  <Iteration_query-ID>Query_84</Iteration_query-ID>
  <Iteration_query-def>contig00084 len=253 cov=40.3 corr=0 origname=NODE_84_length_253_cov_40.317460_pilon sw=shovill-spades/1.1.0 date=20230202</Iteration_query-def>
  <Iteration_query-len>253</Iteration_query-len>
<Iteration_hits>
</Iteration_hits>
  <Iteration_stat>
    <Statistics>
      <Statistics_db-num>0</Statistics_db-num>
      <Statistics_db-len>0</Statistics_db-len>
      <Statistics_hsp-len>18</Statistics_hsp-len>
      <Statistics_eff-space>58483980</Statistics_eff-space>
      <Statistics_kappa>0.46</Statistics_kappa>
      <Statistics_lambda>1.28</Statistics_lambda>
      <Statistics_entropy>0.85</Statistics_entropy>
    </Statistics>
  </Iteration_stat>
  <Iteration_message>No hits found</Iteration_message>
</Iteration>
<Iteration>
  <Iteration_iter-num>85</Iteration_iter-num>
  <Iteration_query-ID>Query_85</Iteration_query-ID>
  <Iteration_query-def>contig00085 len=250 cov=69.6 corr=0 origname=NODE_85_length_250_cov_69.634146_pilon sw=shovill-spades/1.1.0 date=20230202</Iteration_query-def>
  <Iteration_query-len>250</Iteration_query-len>
<Iteration_hits>
</Iteration_hits>
  <Iteration_stat>
    <Statistics>
      <Statistics_db-num>0</Statistics_db-num>
      <Statistics_db-len>0</Statistics_db-len>
      <Statistics_hsp-len>18</Statistics_hsp-len>
      <Statistics_eff-space>57737376</Statistics_eff-space>
      <Statistics_kappa>0.46</Statistics_kappa>
      <Statistics_lambda>1.28</Statistics_lambda>
      <Statistics_entropy>0.85</Statistics_entropy>
    </Statistics>
  </Iteration_stat>
  <Iteration_message>No hits found</Iteration_message>
</Iteration>
<Iteration>
  <Iteration_iter-num>86</Iteration_iter-num>
  <Iteration_query-ID>Query_86</Iteration_query-ID>
  <Iteration_query-def>contig00086 len=247 cov=40.9 corr=0 origname=NODE_86_length_247_cov_40.858333_pilon sw=shovill-spades/1.1.0 date=20230202</Iteration_query-def>
  <Iteration_query-len>247</Iteration_query-len>
<Iteration_hits>
</Iteration_hits>
  <Iteration_stat>
    <Statistics>
      <Statistics_db-num>0</Statistics_db-num>
      <Statistics_db-len>0</Statistics_db-len>
      <Statistics_hsp-len>18</Statistics_hsp-len>
      <Statistics_eff-space>56990772</Statistics_eff-space>
      <Statistics_kappa>0.46</Statistics_kappa>
      <Statistics_lambda>1.28</Statistics_lambda>
      <Statistics_entropy>0.85</Statistics_entropy>
    </Statistics>
  </Iteration_stat>
  <Iteration_message>No hits found</Iteration_message>
</Iteration>
<Iteration>
  <Iteration_iter-num>87</Iteration_iter-num>
  <Iteration_query-ID>Query_87</Iteration_query-ID>
  <Iteration_query-def>contig00087 len=246 cov=275.4 corr=0 origname=NODE_87_length_246_cov_275.369748_pilon sw=shovill-spades/1.1.0 date=20230202</Iteration_query-def>
  <Iteration_query-len>246</Iteration_query-len>
<Iteration_hits>
</Iteration_hits>
  <Iteration_stat>
    <Statistics>
      <Statistics_db-num>0</Statistics_db-num>
      <Statistics_db-len>0</Statistics_db-len>
      <Statistics_hsp-len>18</Statistics_hsp-len>
      <Statistics_eff-space>56741904</Statistics_eff-space>
      <Statistics_kappa>0.46</Statistics_kappa>
      <Statistics_lambda>1.28</Statistics_lambda>
      <Statistics_entropy>0.85</Statistics_entropy>
    </Statistics>
  </Iteration_stat>
  <Iteration_message>No hits found</Iteration_message>
</Iteration>
<Iteration>
  <Iteration_iter-num>88</Iteration_iter-num>
  <Iteration_query-ID>Query_88</Iteration_query-ID>
  <Iteration_query-def>contig00088 len=241 cov=693.6 corr=0 origname=NODE_88_length_241_cov_693.596491_pilon sw=shovill-spades/1.1.0 date=20230202</Iteration_query-def>
  <Iteration_query-len>241</Iteration_query-len>
<Iteration_hits>
</Iteration_hits>
  <Iteration_stat>
    <Statistics>
      <Statistics_db-num>0</Statistics_db-num>
      <Statistics_db-len>0</Statistics_db-len>
      <Statistics_hsp-len>17</Statistics_hsp-len>
      <Statistics_eff-space>55782496</Statistics_eff-space>
      <Statistics_kappa>0.46</Statistics_kappa>
      <Statistics_lambda>1.28</Statistics_lambda>
      <Statistics_entropy>0.85</Statistics_entropy>
    </Statistics>
  </Iteration_stat>
  <Iteration_message>No hits found</Iteration_message>
</Iteration>
<Iteration>
  <Iteration_iter-num>89</Iteration_iter-num>
  <Iteration_query-ID>Query_89</Iteration_query-ID>
  <Iteration_query-def>contig00089 len=239 cov=44.8 corr=0 origname=NODE_89_length_239_cov_44.839286_pilon sw=shovill-spades/1.1.0 date=20230202</Iteration_query-def>
  <Iteration_query-len>239</Iteration_query-len>
<Iteration_hits>
</Iteration_hits>
  <Iteration_stat>
    <Statistics>
      <Statistics_db-num>0</Statistics_db-num>
      <Statistics_db-len>0</Statistics_db-len>
      <Statistics_hsp-len>17</Statistics_hsp-len>
      <Statistics_eff-space>55284438</Statistics_eff-space>
      <Statistics_kappa>0.46</Statistics_kappa>
      <Statistics_lambda>1.28</Statistics_lambda>
      <Statistics_entropy>0.85</Statistics_entropy>
    </Statistics>
  </Iteration_stat>
  <Iteration_message>No hits found</Iteration_message>
</Iteration>
<Iteration>
  <Iteration_iter-num>90</Iteration_iter-num>
  <Iteration_query-ID>Query_90</Iteration_query-ID>
  <Iteration_query-def>contig00090 len=239 cov=42.8 corr=0 origname=NODE_90_length_239_cov_42.812500_pilon sw=shovill-spades/1.1.0 date=20230202</Iteration_query-def>
  <Iteration_query-len>239</Iteration_query-len>
<Iteration_hits>
</Iteration_hits>
  <Iteration_stat>
    <Statistics>
      <Statistics_db-num>0</Statistics_db-num>
      <Statistics_db-len>0</Statistics_db-len>
      <Statistics_hsp-len>17</Statistics_hsp-len>
      <Statistics_eff-space>55284438</Statistics_eff-space>
      <Statistics_kappa>0.46</Statistics_kappa>
      <Statistics_lambda>1.28</Statistics_lambda>
      <Statistics_entropy>0.85</Statistics_entropy>
    </Statistics>
  </Iteration_stat>
  <Iteration_message>No hits found</Iteration_message>
</Iteration>
<Iteration>
  <Iteration_iter-num>91</Iteration_iter-num>
  <Iteration_query-ID>Query_91</Iteration_query-ID>
  <Iteration_query-def>contig00091 len=192 cov=882.9 corr=0 origname=NODE_91_length_192_cov_882.938462_pilon sw=shovill-spades/1.1.0 date=20230202</Iteration_query-def>
  <Iteration_query-len>192</Iteration_query-len>
<Iteration_hits>
</Iteration_hits>
  <Iteration_stat>
    <Statistics>
      <Statistics_db-num>0</Statistics_db-num>
      <Statistics_db-len>0</Statistics_db-len>
      <Statistics_hsp-len>17</Statistics_hsp-len>
      <Statistics_eff-space>43580075</Statistics_eff-space>
      <Statistics_kappa>0.46</Statistics_kappa>
      <Statistics_lambda>1.28</Statistics_lambda>
      <Statistics_entropy>0.85</Statistics_entropy>
    </Statistics>
  </Iteration_stat>
  <Iteration_message>No hits found</Iteration_message>
</Iteration>
<Iteration>
  <Iteration_iter-num>92</Iteration_iter-num>
  <Iteration_query-ID>Query_92</Iteration_query-ID>
  <Iteration_query-def>contig00092 len=147 cov=60.0 corr=0 origname=NODE_92_length_147_cov_59.950000_pilon sw=shovill-spades/1.1.0 date=20230202</Iteration_query-def>
  <Iteration_query-len>147</Iteration_query-len>
<Iteration_hits>
</Iteration_hits>
  <Iteration_stat>
    <Statistics>
      <Statistics_db-num>0</Statistics_db-num>
      <Statistics_db-len>0</Statistics_db-len>
      <Statistics_hsp-len>17</Statistics_hsp-len>
      <Statistics_eff-space>32373770</Statistics_eff-space>
      <Statistics_kappa>0.46</Statistics_kappa>
      <Statistics_lambda>1.28</Statistics_lambda>
      <Statistics_entropy>0.85</Statistics_entropy>
    </Statistics>
  </Iteration_stat>
  <Iteration_message>No hits found</Iteration_message>
</Iteration>
<Iteration>
  <Iteration_iter-num>93</Iteration_iter-num>
  <Iteration_query-ID>Query_93</Iteration_query-ID>
  <Iteration_query-def>contig00093 len=136 cov=1187.4 corr=0 origname=NODE_93_length_136_cov_1187.444444_pilon sw=shovill-spades/1.1.0 date=20230202</Iteration_query-def>
  <Iteration_query-len>136</Iteration_query-len>
<Iteration_hits>
</Iteration_hits>
  <Iteration_stat>
    <Statistics>
      <Statistics_db-num>0</Statistics_db-num>
      <Statistics_db-len>0</Statistics_db-len>
      <Statistics_hsp-len>17</Statistics_hsp-len>
      <Statistics_eff-space>29634451</Statistics_eff-space>
      <Statistics_kappa>0.46</Statistics_kappa>
      <Statistics_lambda>1.28</Statistics_lambda>
      <Statistics_entropy>0.85</Statistics_entropy>
    </Statistics>
  </Iteration_stat>
  <Iteration_message>No hits found</Iteration_message>
</Iteration>
<Iteration>
  <Iteration_iter-num>94</Iteration_iter-num>
  <Iteration_query-ID>Query_94</Iteration_query-ID>
  <Iteration_query-def>contig00094 len=136 cov=574.0 corr=0 origname=NODE_94_length_136_cov_574.000000_pilon sw=shovill-spades/1.1.0 date=20230202</Iteration_query-def>
  <Iteration_query-len>136</Iteration_query-len>
<Iteration_hits>
</Iteration_hits>
  <Iteration_stat>
    <Statistics>
      <Statistics_db-num>0</Statistics_db-num>
      <Statistics_db-len>0</Statistics_db-len>
      <Statistics_hsp-len>17</Statistics_hsp-len>
      <Statistics_eff-space>29634451</Statistics_eff-space>
      <Statistics_kappa>0.46</Statistics_kappa>
      <Statistics_lambda>1.28</Statistics_lambda>
      <Statistics_entropy>0.85</Statistics_entropy>
    </Statistics>
  </Iteration_stat>
  <Iteration_message>No hits found</Iteration_message>
</Iteration>
<Iteration>
  <Iteration_iter-num>95</Iteration_iter-num>
  <Iteration_query-ID>Query_95</Iteration_query-ID>
  <Iteration_query-def>contig00095 len=134 cov=818.6 corr=0 origname=NODE_95_length_134_cov_818.571429_pilon sw=shovill-spades/1.1.0 date=20230202</Iteration_query-def>
  <Iteration_query-len>134</Iteration_query-len>
<Iteration_hits>
</Iteration_hits>
  <Iteration_stat>
    <Statistics>
      <Statistics_db-num>0</Statistics_db-num>
      <Statistics_db-len>0</Statistics_db-len>
      <Statistics_hsp-len>17</Statistics_hsp-len>
      <Statistics_eff-space>29136393</Statistics_eff-space>
      <Statistics_kappa>0.46</Statistics_kappa>
      <Statistics_lambda>1.28</Statistics_lambda>
      <Statistics_entropy>0.85</Statistics_entropy>
    </Statistics>
  </Iteration_stat>
  <Iteration_message>No hits found</Iteration_message>
</Iteration>
</BlastOutput_iterations>
</BlastOutput>

