{"type": "software_result", "databases": {"ResFinder-2.4.0": {"type": "database", "database_name": "ResFinder", "database_version": "2.4.0", "key": "ResFinder-2.4.0", "database_commit": "d3b2312c9db22ec33e5e93368a314dde9c17d4ab"}, "PointFinder-4.1.1": {"type": "database", "database_name": "PointFinder", "database_version": "4.1.1", "key": "PointFinder-4.1.1", "database_commit": "694919f59a38980204009e7ade76bf319cb7df0b"}}, "seq_regions": {"mecA;;2;;NC_002951": {"type": "seq_region", "phenotypes": ["amoxicillin", "amoxicillin+clavulanic acid", "ampicillin", "ampicillin+clavulanic acid", "cefepime", "cefixime", "cefotaxime", "cefoxitin", "ceftazidime", "ertapenem", "imipenem", "meropenem", "piperacillin", "piperacillin+tazobactam"], "ref_database": ["ResFinder-2.4.0"], "gene": true, "ref_id": "mecA_2_NC_002951", "name": "mecA", "ref_acc": "NC_002951", "identity": 100.0, "alignment_length": 2007, "ref_seq_length": 2007, "ref_start_pos": 1, "ref_end_pos": 2007, "query_id": "contig00024 len=42866 cov=19.7 corr=0 origname=NODE_24_length_42866_cov_19.683868_pilon sw=shovill-spades/1.1.0 date=20230202", "query_start_pos": 1788, "query_end_pos": 3794, "pmids": ["15774886"], "notes": [""], "coverage": 100.0, "grade": 3, "key": "mecA;;2;;NC_002951"}, "blaZ;;138;;CP003979": {"type": "seq_region", "phenotypes": ["amoxicillin", "ampicillin", "piperacillin", "penicillin"], "ref_database": ["ResFinder-2.4.0"], "gene": true, "ref_id": "blaZ_138_CP003979", "name": "blaZ", "ref_acc": "CP003979", "identity": 100.0, "alignment_length": 888, "ref_seq_length": 888, "ref_start_pos": 1, "ref_end_pos": 888, "query_id": "contig00027 len=39505 cov=15.0 corr=0 origname=NODE_27_length_39505_cov_15.044342_pilon sw=shovill-spades/1.1.0 date=20230202", "query_start_pos": 16120, "query_end_pos": 17007, "pmids": ["23977354"], "notes": ["Class A"], "coverage": 100.0, "grade": 3, "key": "blaZ;;138;;CP003979"}, "erm(C);;13;;M13761": {"type": "seq_region", "phenotypes": ["lincomycin", "clindamycin", "erythromycin", "quinupristin", "pristinamycin ia", "virginiamycin s"], "ref_database": ["ResFinder-2.4.0"], "gene": true, "ref_id": "erm(C)_13_M13761", "name": "erm(C)", "ref_acc": "M13761", "identity": 100.0, "alignment_length": 735, "ref_seq_length": 735, "ref_start_pos": 1, "ref_end_pos": 735, "query_id": "contig00060 len=2439 cov=211.8 corr=0 origname=NODE_60_length_2439_cov_211.762917_pilon sw=shovill-spades/1.1.0 date=20230202", "query_start_pos": 1279, "query_end_pos": 2013, "pmids": ["3087948"], "notes": ["23S rRNA methylase; Azithromycin, Spiramycin resistance in Staphylococcus sp. and Streptococcus sp.; If inducible phenotype, patterns of spiramycin, lincomycin and clindamycin resistance may vary"], "coverage": 100.0, "grade": 3, "key": "erm(C);;13;;M13761"}, "23S;;1;;AP024511.1": {"type": "seq_region", "phenotypes": [], "ref_database": ["PointFinder-4.1.1"], "gene": true, "ref_id": "23S_1_AP024511.1", "name": "23S", "ref_acc": "AP024511.1", "identity": 100.0, "alignment_length": 2923, "ref_seq_length": 2923, "ref_start_pos": 1, "ref_end_pos": 2923, "query_id": "contig00058 len=2954 cov=150.7 corr=0 origname=NODE_58_length_2954_cov_150.652830_pilon sw=shovill-spades/1.1.0 date=20230202", "query_start_pos": 31, "query_end_pos": 2953, "pmids": [], "notes": [], "coverage": 100.0, "grade": 3, "key": "23S;;1;;AP024511.1"}, "23S;;1;;AP024511.1;;doek": {"type": "seq_region", "phenotypes": [], "ref_database": ["PointFinder-4.1.1"], "gene": true, "ref_id": "23S_1_AP024511.1", "name": "23S", "ref_acc": "AP024511.1", "identity": 100.0, "alignment_length": 38, "ref_seq_length": 2923, "ref_start_pos": 2886, "ref_end_pos": 2923, "query_id": "contig00173 len=80 cov=92.6 corr=0 origname=NODE_173_length_80_cov_92.634146_pilon sw=shovill-spades/1.1.0 date=20230202", "query_start_pos": 1, "query_end_pos": 38, "pmids": [], "notes": [], "coverage": 1.3000342114266163, "grade": 1, "key": "23S;;1;;AP024511.1;;doek"}, "23S;;1;;AP024511.1;;jtiz": {"type": "seq_region", "phenotypes": [], "ref_database": ["PointFinder-4.1.1"], "gene": true, "ref_id": "23S_1_AP024511.1", "name": "23S", "ref_acc": "AP024511.1", "identity": 100.0, "alignment_length": 38, "ref_seq_length": 2923, "ref_start_pos": 2886, "ref_end_pos": 2923, "query_id": "contig00179 len=79 cov=54.3 corr=0 origname=NODE_178_length_79_cov_54.325000_pilon sw=shovill-spades/1.1.0 date=20230202", "query_start_pos": 1, "query_end_pos": 38, "pmids": [], "notes": [], "coverage": 1.3000342114266163, "grade": 1, "key": "23S;;1;;AP024511.1;;jtiz"}, "dfrB;;1;;CP043920.1": {"type": "seq_region", "phenotypes": [], "ref_database": ["PointFinder-4.1.1"], "gene": true, "ref_id": "dfrB_1_CP043920.1", "name": "dfrB", "ref_acc": "CP043920.1", "identity": 98.125, "alignment_length": 480, "ref_seq_length": 480, "ref_start_pos": 1, "ref_end_pos": 480, "query_id": "contig00006 len=109596 cov=19.5 corr=0 origname=NODE_6_length_109596_cov_19.483502_pilon sw=shovill-spades/1.1.0 date=20230202", "query_start_pos": 99276, "query_end_pos": 99755, "pmids": [], "notes": [], "coverage": 100.0, "grade": 2, "key": "dfrB;;1;;CP043920.1"}, "fusA;;1;;CP053353.1": {"type": "seq_region", "phenotypes": [], "ref_database": ["PointFinder-4.1.1"], "gene": true, "ref_id": "fusA_1_CP053353.1", "name": "fusA", "ref_acc": "CP053353.1", "identity": 99.90393852065321, "alignment_length": 2082, "ref_seq_length": 2082, "ref_start_pos": 1, "ref_end_pos": 2082, "query_id": "contig00017 len=51246 cov=22.0 corr=0 origname=NODE_17_length_51246_cov_21.972777_pilon sw=shovill-spades/1.1.0 date=20230202", "query_start_pos": 32674, "query_end_pos": 34755, "pmids": [], "notes": [], "coverage": 100.0, "grade": 2, "key": "fusA;;1;;CP053353.1"}, "grlA;;1;;CP026964.1": {"type": "seq_region", "phenotypes": [], "ref_database": ["PointFinder-4.1.1"], "gene": true, "ref_id": "grlA_1_CP026964.1", "name": "grlA", "ref_acc": "CP026964.1", "identity": 99.50062421972534, "alignment_length": 2403, "ref_seq_length": 2403, "ref_start_pos": 1, "ref_end_pos": 2403, "query_id": "contig00025 len=40238 cov=16.9 corr=2 origname=NODE_25_length_40238_cov_16.878604_pilon sw=shovill-spades/1.1.0 date=20230202", "query_start_pos": 28802, "query_end_pos": 31204, "pmids": [], "notes": [], "coverage": 100.0, "grade": 2, "key": "grlA;;1;;CP026964.1"}, "grlB;;1;;CP026964.1": {"type": "seq_region", "phenotypes": [], "ref_database": ["PointFinder-4.1.1"], "gene": true, "ref_id": "grlB_1_CP026964.1", "name": "grlB", "ref_acc": "CP026964.1", "identity": 99.64859437751004, "alignment_length": 1992, "ref_seq_length": 1992, "ref_start_pos": 1, "ref_end_pos": 1992, "query_id": "contig00025 len=40238 cov=16.9 corr=2 origname=NODE_25_length_40238_cov_16.878604_pilon sw=shovill-spades/1.1.0 date=20230202", "query_start_pos": 31204, "query_end_pos": 33195, "pmids": [], "notes": [], "coverage": 100.0, "grade": 2, "key": "grlB;;1;;CP026964.1"}, "gyrA;;1;;CP031265.1": {"type": "seq_region", "phenotypes": [], "ref_database": ["PointFinder-4.1.1"], "gene": true, "ref_id": "gyrA_1_CP031265.1", "name": "gyrA", "ref_acc": "CP031265.1", "identity": 99.47368421052632, "alignment_length": 2660, "ref_seq_length": 2664, "ref_start_pos": 1, "ref_end_pos": 2660, "query_id": "contig00022 len=43924 cov=26.7 corr=0 origname=NODE_22_length_43924_cov_26.672758_pilon sw=shovill-spades/1.1.0 date=20230202", "query_start_pos": 13064, "query_end_pos": 15723, "pmids": [], "notes": [], "coverage": 99.84984984984985, "grade": 1, "key": "gyrA;;1;;CP031265.1"}, "ileS;;1;;CP047851.1": {"type": "seq_region", "phenotypes": [], "ref_database": ["PointFinder-4.1.1"], "gene": true, "ref_id": "ileS_1_CP047851.1", "name": "ileS", "ref_acc": "CP047851.1", "identity": 99.01960784313727, "alignment_length": 2754, "ref_seq_length": 2754, "ref_start_pos": 1, "ref_end_pos": 2754, "query_id": "contig00030 len=37240 cov=16.3 corr=0 origname=NODE_30_length_37240_cov_16.310933_pilon sw=shovill-spades/1.1.0 date=20230202", "query_start_pos": 33291, "query_end_pos": 36044, "pmids": [], "notes": [], "coverage": 100.0, "grade": 2, "key": "ileS;;1;;CP047851.1"}, "pbp2;;1;;L25426.1": {"type": "seq_region", "phenotypes": [], "ref_database": ["PointFinder-4.1.1"], "gene": true, "ref_id": "pbp2_1_L25426.1", "name": "pbp2", "ref_acc": "L25426.1", "identity": 99.13003663003663, "alignment_length": 2184, "ref_seq_length": 2184, "ref_start_pos": 1, "ref_end_pos": 2184, "query_id": "contig00006 len=109596 cov=19.5 corr=0 origname=NODE_6_length_109596_cov_19.483502_pilon sw=shovill-spades/1.1.0 date=20230202", "query_start_pos": 42927, "query_end_pos": 45110, "pmids": [], "notes": [], "coverage": 100.0, "grade": 2, "key": "pbp2;;1;;L25426.1"}, "pbp4;;1;;X91786.1": {"type": "seq_region", "phenotypes": [], "ref_database": ["PointFinder-4.1.1"], "gene": true, "ref_id": "pbp4_1_X91786.1", "name": "pbp4", "ref_acc": "X91786.1", "identity": 98.91975308641975, "alignment_length": 1296, "ref_seq_length": 1296, "ref_start_pos": 1, "ref_end_pos": 1296, "query_id": "contig00013 len=70919 cov=18.4 corr=0 origname=NODE_13_length_70919_cov_18.421501_pilon sw=shovill-spades/1.1.0 date=20230202", "query_start_pos": 32208, "query_end_pos": 33503, "pmids": [], "notes": [], "coverage": 100.0, "grade": 2, "key": "pbp4;;1;;X91786.1"}, "rpoB;;1;;AP020316.1": {"type": "seq_region", "phenotypes": [], "ref_database": ["PointFinder-4.1.1"], "gene": true, "ref_id": "rpoB_1_AP020316.1", "name": "rpoB", "ref_acc": "AP020316.1", "identity": 99.66216216216216, "alignment_length": 3552, "ref_seq_length": 3552, "ref_start_pos": 1, "ref_end_pos": 3552, "query_id": "contig00017 len=51246 cov=22.0 corr=0 origname=NODE_17_length_51246_cov_21.972777_pilon sw=shovill-spades/1.1.0 date=20230202", "query_start_pos": 23802, "query_end_pos": 27353, "pmids": [], "notes": [], "coverage": 100.0, "grade": 2, "key": "rpoB;;1;;AP020316.1"}, "pbp4-promoter;;1;;CP073012.1": {"type": "seq_region", "phenotypes": [], "ref_database": ["PointFinder-4.1.1"], "gene": true, "ref_id": "pbp4-promoter_1_CP073012.1", "name": "pbp4-promoter", "ref_acc": "CP073012.1", "identity": 97.20812182741116, "alignment_length": 394, "ref_seq_length": 394, "ref_start_pos": 1, "ref_end_pos": 394, "query_id": "contig00013 len=70919 cov=18.4 corr=0 origname=NODE_13_length_70919_cov_18.421501_pilon sw=shovill-spades/1.1.0 date=20230202", "query_start_pos": 31904, "query_end_pos": 32297, "pmids": [], "notes": [], "coverage": 100.0, "grade": 2, "key": "pbp4-promoter;;1;;CP073012.1"}}, "seq_variations": {"grlA;;1;;CP026964.1;;80;;f": {"type": "seq_variation", "ref_database": "PointFinder-4.1.1", "seq_regions": ["grlA;;1;;CP026964.1"], "phenotypes": ["ciprofloxacin"], "seq_var": "p.S80F", "ref_codon": "tcc", "var_codon": "ttc", "codon_change": "tcc>ttc", "nuc_change": "f", "ref_aa": "s", "var_aa": "f", "ref_start_pos": 80, "ref_end_pos": 80, "substitution": true, "deletion": false, "insertion": false, "ref_id": "grlA;;1;;CP026964.1_80_f", "key": "grlA;;1;;CP026964.1;;80;;f", "pmids": ["15848290", "9511037"], "notes": [""]}, "gyrA;;1;;CP031265.1;;84;;l": {"type": "seq_variation", "ref_database": "PointFinder-4.1.1", "seq_regions": ["gyrA;;1;;CP031265.1"], "phenotypes": ["ciprofloxacin"], "seq_var": "p.S84L", "ref_codon": "tca", "var_codon": "tta", "codon_change": "tca>tta", "nuc_change": "l", "ref_aa": "s", "var_aa": "l", "ref_start_pos": 84, "ref_end_pos": 84, "substitution": true, "deletion": false, "insertion": false, "ref_id": "gyrA;;1;;CP031265.1_84_l", "key": "gyrA;;1;;CP031265.1;;84;;l", "pmids": ["2174869", "7902228"], "notes": [""]}}, "phenotypes": {"gentamicin": {"type": "phenotype", "amr_classes": ["aminoglycoside"], "seq_regions": [], "seq_variations": [], "ref_database": [], "category": "amr", "key": "gentamicin", "amr_resistance": "gentamicin", "amr_resistant": false, "amr_species_relevant": true, "grade": 0}, "tobramycin": {"type": "phenotype", "amr_classes": ["aminoglycoside"], "seq_regions": [], "seq_variations": [], "ref_database": [], "category": "amr", "key": "tobramycin", "amr_resistance": "tobramycin", "amr_resistant": false, "amr_species_relevant": true, "grade": 0}, "streptomycin": {"type": "phenotype", "amr_classes": ["aminoglycoside"], "seq_regions": [], "seq_variations": [], "ref_database": [], "category": "amr", "key": "streptomycin", "amr_resistance": "streptomycin", "amr_resistant": false, "amr_species_relevant": false, "grade": 0}, "amikacin": {"type": "phenotype", "amr_classes": ["aminoglycoside"], "seq_regions": [], "seq_variations": [], "ref_database": [], "category": "amr", "key": "amikacin", "amr_resistance": "amikacin", "amr_resistant": false, "amr_species_relevant": true, "grade": 0}, "isepamicin": {"type": "phenotype", "amr_classes": ["aminoglycoside"], "seq_regions": [], "seq_variations": [], "ref_database": [], "category": "amr", "key": "isepamicin", "amr_resistance": "isepamicin", "amr_resistant": false, "amr_species_relevant": false, "grade": 0}, "dibekacin": {"type": "phenotype", "amr_classes": ["aminoglycoside"], "seq_regions": [], "seq_variations": [], "ref_database": [], "category": "amr", "key": "dibekacin", "amr_resistance": "dibekacin", "amr_resistant": false, "amr_species_relevant": false, "grade": 0}, "kanamycin": {"type": "phenotype", "amr_classes": ["aminoglycoside"], "seq_regions": [], "seq_variations": [], "ref_database": [], "category": "amr", "key": "kanamycin", "amr_resistance": "kanamycin", "amr_resistant": false, "amr_species_relevant": false, "grade": 0}, "neomycin": {"type": "phenotype", "amr_classes": ["aminoglycoside"], "seq_regions": [], "seq_variations": [], "ref_database": [], "category": "amr", "key": "neomycin", "amr_resistance": "neomycin", "amr_resistant": false, "amr_species_relevant": false, "grade": 0}, "lividomycin": {"type": "phenotype", "amr_classes": ["aminoglycoside"], "seq_regions": [], "seq_variations": [], "ref_database": [], "category": "amr", "key": "lividomycin", "amr_resistance": "lividomycin", "amr_resistant": false, "amr_species_relevant": false, "grade": 0}, "paromomycin": {"type": "phenotype", "amr_classes": ["aminoglycoside"], "seq_regions": [], "seq_variations": [], "ref_database": [], "category": "amr", "key": "paromomycin", "amr_resistance": "paromomycin", "amr_resistant": false, "amr_species_relevant": false, "grade": 0}, "ribostamycin": {"type": "phenotype", "amr_classes": ["aminoglycoside"], "seq_regions": [], "seq_variations": [], "ref_database": [], "category": "amr", "key": "ribostamycin", "amr_resistance": "ribostamycin", "amr_resistant": false, "amr_species_relevant": false, "grade": 0}, "unknown aminoglycoside": {"type": "phenotype", "amr_classes": ["aminoglycoside"], "seq_regions": [], "seq_variations": [], "ref_database": [], "category": "amr", "key": "unknown aminoglycoside", "amr_resistance": "unknown aminoglycoside", "amr_resistant": false, "amr_species_relevant": false, "grade": 0}, "butiromycin": {"type": "phenotype", "amr_classes": ["aminoglycoside"], "seq_regions": [], "seq_variations": [], "ref_database": [], "category": "amr", "key": "butiromycin", "amr_resistance": "butiromycin", "amr_resistant": false, "amr_species_relevant": false, "grade": 0}, "butirosin": {"type": "phenotype", "amr_classes": ["aminoglycoside"], "seq_regions": [], "seq_variations": [], "ref_database": [], "category": "amr", "key": "butirosin", "amr_resistance": "butirosin", "amr_resistant": false, "amr_species_relevant": false, "grade": 0}, "hygromycin": {"type": "phenotype", "amr_classes": ["aminoglycoside"], "seq_regions": [], "seq_variations": [], "ref_database": [], "category": "amr", "key": "hygromycin", "amr_resistance": "hygromycin", "amr_resistant": false, "amr_species_relevant": false, "grade": 0}, "netilmicin": {"type": "phenotype", "amr_classes": ["aminoglycoside"], "seq_regions": [], "seq_variations": [], "ref_database": [], "category": "amr", "key": "netilmicin", "amr_resistance": "netilmicin", "amr_resistant": false, "amr_species_relevant": false, "grade": 0}, "apramycin": {"type": "phenotype", "amr_classes": ["aminoglycoside"], "seq_regions": [], "seq_variations": [], "ref_database": [], "category": "amr", "key": "apramycin", "amr_resistance": "apramycin", "amr_resistant": false, "amr_species_relevant": false, "grade": 0}, "sisomicin": {"type": "phenotype", "amr_classes": ["aminoglycoside"], "seq_regions": [], "seq_variations": [], "ref_database": [], "category": "amr", "key": "sisomicin", "amr_resistance": "sisomicin", "amr_resistant": false, "amr_species_relevant": false, "grade": 0}, "arbekacin": {"type": "phenotype", "amr_classes": ["aminoglycoside"], "seq_regions": [], "seq_variations": [], "ref_database": [], "category": "amr", "key": "arbekacin", "amr_resistance": "arbekacin", "amr_resistant": false, "amr_species_relevant": false, "grade": 0}, "kasugamycin": {"type": "phenotype", "amr_classes": ["aminoglycoside"], "seq_regions": [], "seq_variations": [], "ref_database": [], "category": "amr", "key": "kasugamycin", "amr_resistance": "kasugamycin", "amr_resistant": false, "amr_species_relevant": false, "grade": 0}, "astromicin": {"type": "phenotype", "amr_classes": ["aminoglycoside"], "seq_regions": [], "seq_variations": [], "ref_database": [], "category": "amr", "key": "astromicin", "amr_resistance": "astromicin", "amr_resistant": false, "amr_species_relevant": false, "grade": 0}, "fortimicin": {"type": "phenotype", "amr_classes": ["aminoglycoside"], "seq_regions": [], "seq_variations": [], "ref_database": [], "category": "amr", "key": "fortimicin", "amr_resistance": "fortimicin", "amr_resistant": false, "amr_species_relevant": false, "grade": 0}, "spectinomycin": {"type": "phenotype", "amr_classes": ["aminocyclitol"], "seq_regions": [], "seq_variations": [], "ref_database": [], "category": "amr", "key": "spectinomycin", "amr_resistance": "spectinomycin", "amr_resistant": false, "amr_species_relevant": false, "grade": 0}, "fluoroquinolone": {"type": "phenotype", "amr_classes": ["quinolone"], "seq_regions": [], "seq_variations": [], "ref_database": [], "category": "amr", "key": "fluoroquinolone", "amr_resistance": "fluoroquinolone", "amr_resistant": false, "amr_species_relevant": false, "grade": 0}, "ciprofloxacin": {"type": "phenotype", "amr_classes": ["quinolone"], "seq_regions": [], "seq_variations": ["grlA;;1;;CP026964.1;;80;;f", "gyrA;;1;;CP031265.1;;84;;l"], "ref_database": ["PointFinder-4.1.1"], "category": "amr", "key": "ciprofloxacin", "amr_resistance": "ciprofloxacin", "amr_resistant": true, "amr_species_relevant": true, "grade": 3}, "unknown quinolone": {"type": "phenotype", "amr_classes": ["quinolone"], "seq_regions": [], "seq_variations": [], "ref_database": [], "category": "amr", "key": "unknown quinolone", "amr_resistance": "unknown quinolone", "amr_resistant": false, "amr_species_relevant": false, "grade": 0}, "nalidixic acid": {"type": "phenotype", "amr_classes": ["quinolone"], "seq_regions": [], "seq_variations": [], "ref_database": [], "category": "amr", "key": "nalidixic acid", "amr_resistance": "nalidixic acid", "amr_resistant": false, "amr_species_relevant": false, "grade": 0}, "amoxicillin": {"type": "phenotype", "amr_classes": ["beta-lactam"], "seq_regions": ["mecA;;2;;NC_002951", "blaZ;;138;;CP003979"], "seq_variations": [], "ref_database": ["ResFinder-2.4.0"], "category": "amr", "key": "amoxicillin", "amr_resistance": "amoxicillin", "amr_resistant": true, "amr_species_relevant": false, "grade": 3}, "amoxicillin+clavulanic acid": {"type": "phenotype", "amr_classes": ["beta-lactam"], "seq_regions": ["mecA;;2;;NC_002951"], "seq_variations": [], "ref_database": ["ResFinder-2.4.0"], "category": "amr", "key": "amoxicillin+clavulanic acid", "amr_resistance": "amoxicillin+clavulanic acid", "amr_resistant": true, "amr_species_relevant": false, "grade": 3}, "ampicillin": {"type": "phenotype", "amr_classes": ["beta-lactam"], "seq_regions": ["mecA;;2;;NC_002951", "blaZ;;138;;CP003979"], "seq_variations": [], "ref_database": ["ResFinder-2.4.0"], "category": "amr", "key": "ampicillin", "amr_resistance": "ampicillin", "amr_resistant": true, "amr_species_relevant": false, "grade": 3}, "ampicillin+clavulanic acid": {"type": "phenotype", "amr_classes": ["beta-lactam"], "seq_regions": ["mecA;;2;;NC_002951"], "seq_variations": [], "ref_database": ["ResFinder-2.4.0"], "category": "amr", "key": "ampicillin+clavulanic acid", "amr_resistance": "ampicillin+clavulanic acid", "amr_resistant": true, "amr_species_relevant": false, "grade": 3}, "cefepime": {"type": "phenotype", "amr_classes": ["beta-lactam"], "seq_regions": ["mecA;;2;;NC_002951"], "seq_variations": [], "ref_database": ["ResFinder-2.4.0"], "category": "amr", "key": "cefepime", "amr_resistance": "cefepime", "amr_resistant": true, "amr_species_relevant": false, "grade": 3}, "cefixime": {"type": "phenotype", "amr_classes": ["beta-lactam"], "seq_regions": ["mecA;;2;;NC_002951"], "seq_variations": [], "ref_database": ["ResFinder-2.4.0"], "category": "amr", "key": "cefixime", "amr_resistance": "cefixime", "amr_resistant": true, "amr_species_relevant": false, "grade": 3}, "cefotaxime": {"type": "phenotype", "amr_classes": ["beta-lactam"], "seq_regions": ["mecA;;2;;NC_002951"], "seq_variations": [], "ref_database": ["ResFinder-2.4.0"], "category": "amr", "key": "cefotaxime", "amr_resistance": "cefotaxime", "amr_resistant": true, "amr_species_relevant": false, "grade": 3}, "cefoxitin": {"type": "phenotype", "amr_classes": ["beta-lactam"], "seq_regions": ["mecA;;2;;NC_002951"], "seq_variations": [], "ref_database": ["ResFinder-2.4.0"], "category": "amr", "key": "cefoxitin", "amr_resistance": "cefoxitin", "amr_resistant": true, "amr_species_relevant": true, "grade": 3}, "ceftazidime": {"type": "phenotype", "amr_classes": ["beta-lactam"], "seq_regions": ["mecA;;2;;NC_002951"], "seq_variations": [], "ref_database": ["ResFinder-2.4.0"], "category": "amr", "key": "ceftazidime", "amr_resistance": "ceftazidime", "amr_resistant": true, "amr_species_relevant": false, "grade": 3}, "ertapenem": {"type": "phenotype", "amr_classes": ["beta-lactam"], "seq_regions": ["mecA;;2;;NC_002951"], "seq_variations": [], "ref_database": ["ResFinder-2.4.0"], "category": "amr", "key": "ertapenem", "amr_resistance": "ertapenem", "amr_resistant": true, "amr_species_relevant": false, "grade": 3}, "imipenem": {"type": "phenotype", "amr_classes": ["beta-lactam"], "seq_regions": ["mecA;;2;;NC_002951"], "seq_variations": [], "ref_database": ["ResFinder-2.4.0"], "category": "amr", "key": "imipenem", "amr_resistance": "imipenem", "amr_resistant": true, "amr_species_relevant": false, "grade": 3}, "meropenem": {"type": "phenotype", "amr_classes": ["beta-lactam"], "seq_regions": ["mecA;;2;;NC_002951"], "seq_variations": [], "ref_database": ["ResFinder-2.4.0"], "category": "amr", "key": "meropenem", "amr_resistance": "meropenem", "amr_resistant": true, "amr_species_relevant": false, "grade": 3}, "piperacillin": {"type": "phenotype", "amr_classes": ["beta-lactam"], "seq_regions": ["mecA;;2;;NC_002951", "blaZ;;138;;CP003979"], "seq_variations": [], "ref_database": ["ResFinder-2.4.0"], "category": "amr", "key": "piperacillin", "amr_resistance": "piperacillin", "amr_resistant": true, "amr_species_relevant": false, "grade": 3}, "piperacillin+tazobactam": {"type": "phenotype", "amr_classes": ["beta-lactam"], "seq_regions": ["mecA;;2;;NC_002951"], "seq_variations": [], "ref_database": ["ResFinder-2.4.0"], "category": "amr", "key": "piperacillin+tazobactam", "amr_resistance": "piperacillin+tazobactam", "amr_resistant": true, "amr_species_relevant": false, "grade": 3}, "unknown beta-lactam": {"type": "phenotype", "amr_classes": ["beta-lactam"], "seq_regions": [], "seq_variations": [], "ref_database": [], "category": "amr", "key": "unknown beta-lactam", "amr_resistance": "unknown beta-lactam", "amr_resistant": false, "amr_species_relevant": false, "grade": 0}, "aztreonam": {"type": "phenotype", "amr_classes": ["beta-lactam"], "seq_regions": [], "seq_variations": [], "ref_database": [], "category": "amr", "key": "aztreonam", "amr_resistance": "aztreonam", "amr_resistant": false, "amr_species_relevant": false, "grade": 0}, "cefotaxime+clavulanic acid": {"type": "phenotype", "amr_classes": ["beta-lactam"], "seq_regions": [], "seq_variations": [], "ref_database": [], "category": "amr", "key": "cefotaxime+clavulanic acid", "amr_resistance": "cefotaxime+clavulanic acid", "amr_resistant": false, "amr_species_relevant": false, "grade": 0}, "temocillin": {"type": "phenotype", "amr_classes": ["beta-lactam"], "seq_regions": [], "seq_variations": [], "ref_database": [], "category": "amr", "key": "temocillin", "amr_resistance": "temocillin", "amr_resistant": false, "amr_species_relevant": false, "grade": 0}, "ticarcillin": {"type": "phenotype", "amr_classes": ["beta-lactam"], "seq_regions": [], "seq_variations": [], "ref_database": [], "category": "amr", "key": "ticarcillin", "amr_resistance": "ticarcillin", "amr_resistant": false, "amr_species_relevant": false, "grade": 0}, "ceftazidime+avibactam": {"type": "phenotype", "amr_classes": ["beta-lactam"], "seq_regions": [], "seq_variations": [], "ref_database": [], "category": "amr", "key": "ceftazidime+avibactam", "amr_resistance": "ceftazidime+avibactam", "amr_resistant": false, "amr_species_relevant": false, "grade": 0}, "penicillin": {"type": "phenotype", "amr_classes": ["beta-lactam"], "seq_regions": ["blaZ;;138;;CP003979"], "seq_variations": [], "ref_database": ["ResFinder-2.4.0"], "category": "amr", "key": "penicillin", "amr_resistance": "penicillin", "amr_resistant": true, "amr_species_relevant": true, "grade": 3}, "ceftriaxone": {"type": "phenotype", "amr_classes": ["beta-lactam"], "seq_regions": [], "seq_variations": [], "ref_database": [], "category": "amr", "key": "ceftriaxone", "amr_resistance": "ceftriaxone", "amr_resistant": false, "amr_species_relevant": false, "grade": 0}, "ticarcillin+clavulanic acid": {"type": "phenotype", "amr_classes": ["beta-lactam"], "seq_regions": [], "seq_variations": [], "ref_database": [], "category": "amr", "key": "ticarcillin+clavulanic acid", "amr_resistance": "ticarcillin+clavulanic acid", "amr_resistant": false, "amr_species_relevant": false, "grade": 0}, "cephalothin": {"type": "phenotype", "amr_classes": ["beta-lactam"], "seq_regions": [], "seq_variations": [], "ref_database": [], "category": "amr", "key": "cephalothin", "amr_resistance": "cephalothin", "amr_resistant": false, "amr_species_relevant": false, "grade": 0}, "piperacillin+clavulanic acid": {"type": "phenotype", "amr_classes": ["beta-lactam"], "seq_regions": [], "seq_variations": [], "ref_database": [], "category": "amr", "key": "piperacillin+clavulanic acid", "amr_resistance": "piperacillin+clavulanic acid", "amr_resistant": false, "amr_species_relevant": false, "grade": 0}, "cefazolin": {"type": "phenotype", "amr_classes": ["beta-lactam"], "seq_regions": [], "seq_variations": [], "ref_database": [], "category": "amr", "key": "cefazolin", "amr_resistance": "cefazolin", "amr_resistant": false, "amr_species_relevant": false, "grade": 0}, "ceftaroline": {"type": "phenotype", "amr_classes": ["beta-lactam"], "seq_regions": [], "seq_variations": [], "ref_database": [], "category": "amr", "key": "ceftaroline", "amr_resistance": "ceftaroline", "amr_resistant": false, "amr_species_relevant": false, "grade": 0}, "ceftiofur": {"type": "phenotype", "amr_classes": ["under_development"], "seq_regions": [], "seq_variations": [], "ref_database": [], "category": "amr", "key": "ceftiofur", "amr_resistance": "ceftiofur", "amr_resistant": false, "amr_species_relevant": false, "grade": 0}, "sulfamethoxazole": {"type": "phenotype", "amr_classes": ["folate pathway antagonist"], "seq_regions": [], "seq_variations": [], "ref_database": [], "category": "amr", "key": "sulfamethoxazole", "amr_resistance": "sulfamethoxazole", "amr_resistant": false, "amr_species_relevant": true, "grade": 0}, "trimethoprim": {"type": "phenotype", "amr_classes": ["folate pathway antagonist"], "seq_regions": [], "seq_variations": [], "ref_database": [], "category": "amr", "key": "trimethoprim", "amr_resistance": "trimethoprim", "amr_resistant": false, "amr_species_relevant": true, "grade": 0}, "fosfomycin": {"type": "phenotype", "amr_classes": ["fosfomycin"], "seq_regions": [], "seq_variations": [], "ref_database": [], "category": "amr", "key": "fosfomycin", "amr_resistance": "fosfomycin", "amr_resistant": false, "amr_species_relevant": true, "grade": 0}, "vancomycin": {"type": "phenotype", "amr_classes": ["glycopeptide"], "seq_regions": [], "seq_variations": [], "ref_database": [], "category": "amr", "key": "vancomycin", "amr_resistance": "vancomycin", "amr_resistant": false, "amr_species_relevant": true, "grade": 0}, "teicoplanin": {"type": "phenotype", "amr_classes": ["glycopeptide"], "seq_regions": [], "seq_variations": [], "ref_database": [], "category": "amr", "key": "teicoplanin", "amr_resistance": "teicoplanin", "amr_resistant": false, "amr_species_relevant": true, "grade": 0}, "bleomycin": {"type": "phenotype", "amr_classes": ["glycopeptide"], "seq_regions": [], "seq_variations": [], "ref_database": [], "category": "amr", "key": "bleomycin", "amr_resistance": "bleomycin", "amr_resistant": false, "amr_species_relevant": false, "grade": 0}, "lincomycin": {"type": "phenotype", "amr_classes": ["lincosamide"], "seq_regions": ["erm(C);;13;;M13761"], "seq_variations": [], "ref_database": ["ResFinder-2.4.0"], "category": "amr", "key": "lincomycin", "amr_resistance": "lincomycin", "amr_resistant": true, "amr_species_relevant": false, "grade": 3}, "clindamycin": {"type": "phenotype", "amr_classes": ["lincosamide"], "seq_regions": ["erm(C);;13;;M13761"], "seq_variations": [], "ref_database": ["ResFinder-2.4.0"], "category": "amr", "key": "clindamycin", "amr_resistance": "clindamycin", "amr_resistant": true, "amr_species_relevant": true, "grade": 3}, "dalfopristin": {"type": "phenotype", "amr_classes": ["streptogramin a"], "seq_regions": [], "seq_variations": [], "ref_database": [], "category": "amr", "key": "dalfopristin", "amr_resistance": "dalfopristin", "amr_resistant": false, "amr_species_relevant": false, "grade": 0}, "pristinamycin iia": {"type": "phenotype", "amr_classes": ["streptogramin a"], "seq_regions": [], "seq_variations": [], "ref_database": [], "category": "amr", "key": "pristinamycin iia", "amr_resistance": "pristinamycin iia", "amr_resistant": false, "amr_species_relevant": false, "grade": 0}, "virginiamycin m": {"type": "phenotype", "amr_classes": ["streptogramin a"], "seq_regions": [], "seq_variations": [], "ref_database": [], "category": "amr", "key": "virginiamycin m", "amr_resistance": "virginiamycin m", "amr_resistant": false, "amr_species_relevant": false, "grade": 0}, "quinupristin+dalfopristin": {"type": "phenotype", "amr_classes": ["streptogramin a"], "seq_regions": [], "seq_variations": [], "ref_database": [], "category": "amr", "key": "quinupristin+dalfopristin", "amr_resistance": "quinupristin+dalfopristin", "amr_resistant": false, "amr_species_relevant": true, "grade": 0}, "tiamulin": {"type": "phenotype", "amr_classes": ["pleuromutilin"], "seq_regions": [], "seq_variations": [], "ref_database": [], "category": "amr", "key": "tiamulin", "amr_resistance": "tiamulin", "amr_resistant": false, "amr_species_relevant": true, "grade": 0}, "carbomycin": {"type": "phenotype", "amr_classes": ["macrolide"], "seq_regions": [], "seq_variations": [], "ref_database": [], "category": "amr", "key": "carbomycin", "amr_resistance": "carbomycin", "amr_resistant": false, "amr_species_relevant": false, "grade": 0}, "erythromycin": {"type": "phenotype", "amr_classes": ["macrolide"], "seq_regions": ["erm(C);;13;;M13761"], "seq_variations": [], "ref_database": ["ResFinder-2.4.0"], "category": "amr", "key": "erythromycin", "amr_resistance": "erythromycin", "amr_resistant": true, "amr_species_relevant": true, "grade": 3}, "azithromycin": {"type": "phenotype", "amr_classes": ["macrolide"], "seq_regions": [], "seq_variations": [], "ref_database": [], "category": "amr", "key": "azithromycin", "amr_resistance": "azithromycin", "amr_resistant": false, "amr_species_relevant": false, "grade": 0}, "oleandomycin": {"type": "phenotype", "amr_classes": ["macrolide"], "seq_regions": [], "seq_variations": [], "ref_database": [], "category": "amr", "key": "oleandomycin", "amr_resistance": "oleandomycin", "amr_resistant": false, "amr_species_relevant": false, "grade": 0}, "spiramycin": {"type": "phenotype", "amr_classes": ["macrolide"], "seq_regions": [], "seq_variations": [], "ref_database": [], "category": "amr", "key": "spiramycin", "amr_resistance": "spiramycin", "amr_resistant": false, "amr_species_relevant": true, "grade": 0}, "tylosin": {"type": "phenotype", "amr_classes": ["macrolide"], "seq_regions": [], "seq_variations": [], "ref_database": [], "category": "amr", "key": "tylosin", "amr_resistance": "tylosin", "amr_resistant": false, "amr_species_relevant": false, "grade": 0}, "telithromycin": {"type": "phenotype", "amr_classes": ["macrolide"], "seq_regions": [], "seq_variations": [], "ref_database": [], "category": "amr", "key": "telithromycin", "amr_resistance": "telithromycin", "amr_resistant": false, "amr_species_relevant": true, "grade": 0}, "tetracycline": {"type": "phenotype", "amr_classes": ["tetracycline"], "seq_regions": [], "seq_variations": [], "ref_database": [], "category": "amr", "key": "tetracycline", "amr_resistance": "tetracycline", "amr_resistant": false, "amr_species_relevant": true, "grade": 0}, "doxycycline": {"type": "phenotype", "amr_classes": ["tetracycline"], "seq_regions": [], "seq_variations": [], "ref_database": [], "category": "amr", "key": "doxycycline", "amr_resistance": "doxycycline", "amr_resistant": false, "amr_species_relevant": false, "grade": 0}, "minocycline": {"type": "phenotype", "amr_classes": ["tetracycline"], "seq_regions": [], "seq_variations": [], "ref_database": [], "category": "amr", "key": "minocycline", "amr_resistance": "minocycline", "amr_resistant": false, "amr_species_relevant": false, "grade": 0}, "tigecycline": {"type": "phenotype", "amr_classes": ["tetracycline"], "seq_regions": [], "seq_variations": [], "ref_database": [], "category": "amr", "key": "tigecycline", "amr_resistance": "tigecycline", "amr_resistant": false, "amr_species_relevant": false, "grade": 0}, "quinupristin": {"type": "phenotype", "amr_classes": ["streptogramin b"], "seq_regions": ["erm(C);;13;;M13761"], "seq_variations": [], "ref_database": ["ResFinder-2.4.0"], "category": "amr", "key": "quinupristin", "amr_resistance": "quinupristin", "amr_resistant": true, "amr_species_relevant": false, "grade": 3}, "pristinamycin ia": {"type": "phenotype", "amr_classes": ["streptogramin b"], "seq_regions": ["erm(C);;13;;M13761"], "seq_variations": [], "ref_database": ["ResFinder-2.4.0"], "category": "amr", "key": "pristinamycin ia", "amr_resistance": "pristinamycin ia", "amr_resistant": true, "amr_species_relevant": false, "grade": 3}, "virginiamycin s": {"type": "phenotype", "amr_classes": ["streptogramin b"], "seq_regions": ["erm(C);;13;;M13761"], "seq_variations": [], "ref_database": ["ResFinder-2.4.0"], "category": "amr", "key": "virginiamycin s", "amr_resistance": "virginiamycin s", "amr_resistant": true, "amr_species_relevant": false, "grade": 3}, "linezolid": {"type": "phenotype", "amr_classes": ["oxazolidinone"], "seq_regions": [], "seq_variations": [], "ref_database": [], "category": "amr", "key": "linezolid", "amr_resistance": "linezolid", "amr_resistant": false, "amr_species_relevant": true, "grade": 0}, "chloramphenicol": {"type": "phenotype", "amr_classes": ["amphenicol"], "seq_regions": [], "seq_variations": [], "ref_database": [], "category": "amr", "key": "chloramphenicol", "amr_resistance": "chloramphenicol", "amr_resistant": false, "amr_species_relevant": true, "grade": 0}, "florfenicol": {"type": "phenotype", "amr_classes": ["amphenicol"], "seq_regions": [], "seq_variations": [], "ref_database": [], "category": "amr", "key": "florfenicol", "amr_resistance": "florfenicol", "amr_resistant": false, "amr_species_relevant": false, "grade": 0}, "colistin": {"type": "phenotype", "amr_classes": ["polymyxin"], "seq_regions": [], "seq_variations": [], "ref_database": [], "category": "amr", "key": "colistin", "amr_resistance": "colistin", "amr_resistant": false, "amr_species_relevant": false, "grade": 0}, "fusidic acid": {"type": "phenotype", "amr_classes": ["steroid antibacterial"], "seq_regions": [], "seq_variations": [], "ref_database": [], "category": "amr", "key": "fusidic acid", "amr_resistance": "fusidic acid", "amr_resistant": false, "amr_species_relevant": true, "grade": 0}, "mupirocin": {"type": "phenotype", "amr_classes": ["pseudomonic acid"], "seq_regions": [], "seq_variations": [], "ref_database": [], "category": "amr", "key": "mupirocin", "amr_resistance": "mupirocin", "amr_resistant": false, "amr_species_relevant": true, "grade": 0}, "rifampicin": {"type": "phenotype", "amr_classes": ["rifamycin"], "seq_regions": [], "seq_variations": [], "ref_database": [], "category": "amr", "key": "rifampicin", "amr_resistance": "rifampicin", "amr_resistant": false, "amr_species_relevant": false, "grade": 0}, "metronidazole": {"type": "phenotype", "amr_classes": ["nitroimidazole"], "seq_regions": [], "seq_variations": [], "ref_database": [], "category": "amr", "key": "metronidazole", "amr_resistance": "metronidazole", "amr_resistant": false, "amr_species_relevant": false, "grade": 0}, "narasin": {"type": "phenotype", "amr_classes": ["ionophores"], "seq_regions": [], "seq_variations": [], "ref_database": [], "category": "amr", "key": "narasin", "amr_resistance": "narasin", "amr_resistant": false, "amr_species_relevant": false, "grade": 0}, "salinomycin": {"type": "phenotype", "amr_classes": ["ionophores"], "seq_regions": [], "seq_variations": [], "ref_database": [], "category": "amr", "key": "salinomycin", "amr_resistance": "salinomycin", "amr_resistant": false, "amr_species_relevant": false, "grade": 0}, "maduramicin": {"type": "phenotype", "amr_classes": ["ionophores"], "seq_regions": [], "seq_variations": [], "ref_database": [], "category": "amr", "key": "maduramicin", "amr_resistance": "maduramicin", "amr_resistant": false, "amr_species_relevant": false, "grade": 0}}, "software_executions": {"09666c3a40cea38e3b2e36bab6a6d64b1dab1eaf": {"type": "software_exec", "command": "/opt/conda/envs/amr/lib/python3.12/site-packages/resfinder/__main__.py -ifa ERR017261.assembly.fa -s Staphylococcus aureus --acquired --point --outputPath ERR017261_resfinder --db_path_res ./resfinder_db", "parameters": {"resfinder_root": "/opt/conda/envs/amr/lib/python3.12/site-packages/resfinder/", "env_var_file": "/opt/conda/envs/amr/lib/python3.12/site-packages/resfinder/environment_variables.md", "species_abbr_file": "/opt/conda/envs/amr/lib/python3.12/site-packages/resfinder/species_abbreviations.md", "outputPath": "/home/data/ERR017261_resfinder", "out_json": false, "acquired": true, "point": true, "disinf": false, "species": "staphylococcus aureus", "inputfastq_1": null, "inputfasta": "/home/data/ERR017261.assembly.fa", "outPath_res_blast": "/home/data/ERR017261_resfinder/resfinder_blast", "outPath_disinf_blast": "/home/data/ERR017261_resfinder/disinfinder_blast", "outPath_point_blast": "/home/data/ERR017261_resfinder/pointfinder_blast", "sample_name": "ERR017261.assembly.fa", "method": "blast", "blast": "blastn", "kma": null, "output_aln": false, "pickle": false, "db_path_res": "/home/data/resfinder_db", "db_path_res_kma": "/home/data/resfinder_db", "db_config_file": "/home/data/resfinder_db/config", "db_notes_file": "/home/data/resfinder_db/notes.txt", "db_panels_file": "/home/data/resfinder_db/phenotype_panels.txt", "rf_gene_cov": 0.6, "rf_gene_id": 0.8, "rf_overlap": 30, "species_dir": "staphylococcus_aureus", "db_path_point_root": "/home/data/pointfinder_db", "db_path_point": "/home/data/pointfinder_db/staphylococcus_aureus", "specific_gene": null, "pf_gene_cov": 0.01, "pf_gene_id": 0.8, "unknown_mut": false, "ignore_indels": false, "ignore_stop_codons": false, "point_file": "/home/data/pointfinder_db/staphylococcus_aureus/phenotypes.txt", "abclassdef_file": "/home/data/resfinder_db/antibiotic_classes.txt", "phenotype_file": "/home/data/resfinder_db/phenotypes.txt", "disinf_file": null, "disclassdef_file": null}, "key": "09666c3a40cea38e3b2e36bab6a6d64b1dab1eaf"}}, "aln_hits": {}, "software_name": "ResFinder", "software_version": "4.6.0", "software_commit": "unknown", "run_date": "2025-01-25", "key": "ResFinder-4.6.0", "provided_species": "staphylococcus aureus", "result_summary": "CIP_CXI_PEN_CLI_ERY"}