{"type": "software_result", "databases": {"ResFinder-2.4.0": {"type": "database", "database_name": "ResFinder", "database_version": "2.4.0", "key": "ResFinder-2.4.0", "database_commit": "d3b2312c9db22ec33e5e93368a314dde9c17d4ab"}, "PointFinder-4.1.1": {"type": "database", "database_name": "PointFinder", "database_version": "4.1.1", "key": "PointFinder-4.1.1", "database_commit": "694919f59a38980204009e7ade76bf319cb7df0b"}}, "seq_regions": {"aac(6')-Iaa;;1;;NC_003197": {"type": "seq_region", "phenotypes": ["tobramycin", "amikacin"], "ref_database": ["ResFinder-2.4.0"], "gene": true, "ref_id": "aac(6')-Iaa_1_NC_003197", "name": "aac(6')-Iaa", "ref_acc": "NC_003197", "identity": 97.47126436781609, "alignment_length": 435, "ref_seq_length": 438, "ref_start_pos": 1, "ref_end_pos": 435, "query_id": "contig00009 len=153281 cov=64.5 corr=0 origname=NODE_9_length_153281_cov_64.522859_pilon sw=shovill-spades/1.1.0 date=20230202", "query_start_pos": 30039, "query_end_pos": 30473, "pmids": ["11677609"], "notes": ["Chromosomal, Crytpic gene in Salmonella sp."], "coverage": 99.31506849315068, "grade": 1, "key": "aac(6')-Iaa;;1;;NC_003197"}, "acrB;;1;;CP000026.1": {"type": "seq_region", "phenotypes": [], "ref_database": ["PointFinder-4.1.1"], "gene": true, "ref_id": "acrB_1_CP000026.1", "name": "acrB", "ref_acc": "CP000026.1", "identity": 99.23809523809524, "alignment_length": 3150, "ref_seq_length": 3150, "ref_start_pos": 1, "ref_end_pos": 3150, "query_id": "contig00019 len=89854 cov=74.5 corr=0 origname=NODE_19_length_89854_cov_74.541710_pilon sw=shovill-spades/1.1.0 date=20230202", "query_start_pos": 72424, "query_end_pos": 75573, "pmids": [], "notes": [], "coverage": 100.0, "grade": 2, "key": "acrB;;1;;CP000026.1"}, "pmrA;;1;;CP055130.1": {"type": "seq_region", "phenotypes": [], "ref_database": ["PointFinder-4.1.1"], "gene": true, "ref_id": "pmrA_1_CP055130.1", "name": "pmrA", "ref_acc": "CP055130.1", "identity": 98.80418535127056, "alignment_length": 669, "ref_seq_length": 669, "ref_start_pos": 1, "ref_end_pos": 669, "query_id": "contig00007 len=172632 cov=85.2 corr=0 origname=NODE_7_length_172632_cov_85.239095_pilon sw=shovill-spades/1.1.0 date=20230202", "query_start_pos": 79967, "query_end_pos": 80635, "pmids": [], "notes": [], "coverage": 100.0, "grade": 2, "key": "pmrA;;1;;CP055130.1"}, "pmrB;;1;;CP051284.1": {"type": "seq_region", "phenotypes": [], "ref_database": ["PointFinder-4.1.1"], "gene": true, "ref_id": "pmrB_1_CP051284.1", "name": "pmrB", "ref_acc": "CP051284.1", "identity": 98.69281045751634, "alignment_length": 1071, "ref_seq_length": 1071, "ref_start_pos": 1, "ref_end_pos": 1071, "query_id": "contig00007 len=172632 cov=85.2 corr=0 origname=NODE_7_length_172632_cov_85.239095_pilon sw=shovill-spades/1.1.0 date=20230202", "query_start_pos": 80645, "query_end_pos": 81715, "pmids": [], "notes": [], "coverage": 100.0, "grade": 2, "key": "pmrB;;1;;CP051284.1"}, "gyrA;;1;;MH933946.1": {"type": "seq_region", "phenotypes": [], "ref_database": ["PointFinder-4.1.1"], "gene": true, "ref_id": "gyrA_1_MH933946.1", "name": "gyrA", "ref_acc": "MH933946.1", "identity": 98.02806219188471, "alignment_length": 2637, "ref_seq_length": 2637, "ref_start_pos": 1, "ref_end_pos": 2637, "query_id": "contig00012 len=144788 cov=74.1 corr=0 origname=NODE_12_length_144788_cov_74.140881_pilon sw=shovill-spades/1.1.0 date=20230202", "query_start_pos": 168, "query_end_pos": 2804, "pmids": [], "notes": [], "coverage": 100.0, "grade": 2, "key": "gyrA;;1;;MH933946.1"}, "gyrB;;1;;CP050716.1": {"type": "seq_region", "phenotypes": [], "ref_database": ["PointFinder-4.1.1"], "gene": true, "ref_id": "gyrB_1_CP050716.1", "name": "gyrB", "ref_acc": "CP050716.1", "identity": 98.21946169772256, "alignment_length": 2415, "ref_seq_length": 2415, "ref_start_pos": 1, "ref_end_pos": 2415, "query_id": "contig00023 len=80959 cov=89.5 corr=0 origname=NODE_23_length_80959_cov_89.493072_pilon sw=shovill-spades/1.1.0 date=20230202", "query_start_pos": 18915, "query_end_pos": 21329, "pmids": [], "notes": [], "coverage": 100.0, "grade": 2, "key": "gyrB;;1;;CP050716.1"}, "parC;;1;;CP050716.1": {"type": "seq_region", "phenotypes": [], "ref_database": ["PointFinder-4.1.1"], "gene": true, "ref_id": "parC_1_CP050716.1", "name": "parC", "ref_acc": "CP050716.1", "identity": 99.24745462594068, "alignment_length": 2259, "ref_seq_length": 2259, "ref_start_pos": 1, "ref_end_pos": 2259, "query_id": "contig00002 len=249782 cov=84.6 corr=0 origname=NODE_2_length_249782_cov_84.610286_pilon sw=shovill-spades/1.1.0 date=20230202", "query_start_pos": 176047, "query_end_pos": 178305, "pmids": [], "notes": [], "coverage": 100.0, "grade": 2, "key": "parC;;1;;CP050716.1"}, "parE;;1;;CP050716.1": {"type": "seq_region", "phenotypes": [], "ref_database": ["PointFinder-4.1.1"], "gene": true, "ref_id": "parE_1_CP050716.1", "name": "parE", "ref_acc": "CP050716.1", "identity": 99.3660855784469, "alignment_length": 1893, "ref_seq_length": 1893, "ref_start_pos": 1, "ref_end_pos": 1893, "query_id": "contig00002 len=249782 cov=84.6 corr=0 origname=NODE_2_length_249782_cov_84.610286_pilon sw=shovill-spades/1.1.0 date=20230202", "query_start_pos": 169399, "query_end_pos": 171291, "pmids": [], "notes": [], "coverage": 100.0, "grade": 2, "key": "parE;;1;;CP050716.1"}, "16S-rrsD;;1;;CP049983.1": {"type": "seq_region", "phenotypes": [], "ref_database": ["PointFinder-4.1.1"], "gene": true, "ref_id": "16S-rrsD_1_CP049983.1", "name": "16S-rrsD", "ref_acc": "CP049983.1", "identity": 99.60474308300395, "alignment_length": 1265, "ref_seq_length": 1544, "ref_start_pos": 1, "ref_end_pos": 1265, "query_id": "contig00011 len=145096 cov=94.8 corr=0 origname=NODE_11_length_145096_cov_94.843649_pilon sw=shovill-spades/1.1.0 date=20230202", "query_start_pos": 143832, "query_end_pos": 145096, "pmids": [], "notes": [], "coverage": 81.93005181347151, "grade": 1, "key": "16S-rrsD;;1;;CP049983.1"}, "16S-rrsD;;1;;CP049983.1;;yqet": {"type": "seq_region", "phenotypes": [], "ref_database": ["PointFinder-4.1.1"], "gene": true, "ref_id": "16S-rrsD_1_CP049983.1", "name": "16S-rrsD", "ref_acc": "CP049983.1", "identity": 100.0, "alignment_length": 81, "ref_seq_length": 1544, "ref_start_pos": 1464, "ref_end_pos": 1544, "query_id": "contig00065 len=598 cov=380.3 corr=0 origname=NODE_66_length_598_cov_380.324841_pilon sw=shovill-spades/1.1.0 date=20230202", "query_start_pos": 1, "query_end_pos": 81, "pmids": [], "notes": [], "coverage": 5.246113989637306, "grade": 1, "key": "16S-rrsD;;1;;CP049983.1;;yqet"}, "16S-rrsD;;1;;CP049983.1;;wjiz": {"type": "seq_region", "phenotypes": [], "ref_database": ["PointFinder-4.1.1"], "gene": true, "ref_id": "16S-rrsD_1_CP049983.1", "name": "16S-rrsD", "ref_acc": "CP049983.1", "identity": 100.0, "alignment_length": 81, "ref_seq_length": 1544, "ref_start_pos": 1464, "ref_end_pos": 1544, "query_id": "contig00066 len=437 cov=273.2 corr=0 origname=NODE_67_length_437_cov_273.187097_pilon sw=shovill-spades/1.1.0 date=20230202", "query_start_pos": 1, "query_end_pos": 81, "pmids": [], "notes": [], "coverage": 5.246113989637306, "grade": 1, "key": "16S-rrsD;;1;;CP049983.1;;wjiz"}, "16S-rrsD;;1;;CP049983.1;;hxux": {"type": "seq_region", "phenotypes": [], "ref_database": ["PointFinder-4.1.1"], "gene": true, "ref_id": "16S-rrsD_1_CP049983.1", "name": "16S-rrsD", "ref_acc": "CP049983.1", "identity": 99.64028776978418, "alignment_length": 278, "ref_seq_length": 1544, "ref_start_pos": 1267, "ref_end_pos": 1544, "query_id": "contig00067 len=324 cov=619.9 corr=0 origname=NODE_68_length_324_cov_619.918782_pilon sw=shovill-spades/1.1.0 date=20230202", "query_start_pos": 47, "query_end_pos": 324, "pmids": [], "notes": [], "coverage": 18.00518134715026, "grade": 1, "key": "16S-rrsD;;1;;CP049983.1;;hxux"}, "16S-rrsD;;1;;CP049983.1;;qnya": {"type": "seq_region", "phenotypes": [], "ref_database": ["PointFinder-4.1.1"], "gene": true, "ref_id": "16S-rrsD_1_CP049983.1", "name": "16S-rrsD", "ref_acc": "CP049983.1", "identity": 100.0, "alignment_length": 254, "ref_seq_length": 1544, "ref_start_pos": 1140, "ref_end_pos": 1393, "query_id": "contig00070 len=255 cov=358.4 corr=0 origname=NODE_71_length_255_cov_358.437500_pilon sw=shovill-spades/1.1.0 date=20230202", "query_start_pos": 2, "query_end_pos": 255, "pmids": [], "notes": [], "coverage": 16.45077720207254, "grade": 1, "key": "16S-rrsD;;1;;CP049983.1;;qnya"}, "16S-rrsD;;1;;CP049983.1;;kksg": {"type": "seq_region", "phenotypes": [], "ref_database": ["PointFinder-4.1.1"], "gene": true, "ref_id": "16S-rrsD_1_CP049983.1", "name": "16S-rrsD", "ref_acc": "CP049983.1", "identity": 99.60629921259843, "alignment_length": 254, "ref_seq_length": 1544, "ref_start_pos": 1140, "ref_end_pos": 1393, "query_id": "contig00072 len=255 cov=268.1 corr=0 origname=NODE_73_length_255_cov_268.093750_pilon sw=shovill-spades/1.1.0 date=20230202", "query_start_pos": 2, "query_end_pos": 255, "pmids": [], "notes": [], "coverage": 16.45077720207254, "grade": 1, "key": "16S-rrsD;;1;;CP049983.1;;kksg"}}, "seq_variations": {"gyrA;;1;;MH933946.1;;87;;n": {"type": "seq_variation", "ref_database": "PointFinder-4.1.1", "seq_regions": ["gyrA;;1;;MH933946.1"], "phenotypes": ["ciprofloxacin", "nalidixic acid"], "seq_var": "p.D87N", "ref_codon": "gac", "var_codon": "aac", "codon_change": "gac>aac", "nuc_change": "n", "ref_aa": "d", "var_aa": "n", "ref_start_pos": 87, "ref_end_pos": 87, "substitution": true, "deletion": false, "insertion": false, "ref_id": "gyrA;;1;;MH933946.1_87_n", "key": "gyrA;;1;;MH933946.1;;87;;n", "pmids": ["10471553", "11283069", "7492118", "15056435"], "notes": [""]}}, "phenotypes": {"gentamicin": {"type": "phenotype", "amr_classes": ["aminoglycoside"], "seq_regions": [], "seq_variations": [], "ref_database": [], "category": "amr", "key": "gentamicin", "amr_resistance": "gentamicin", "amr_resistant": false, "amr_species_relevant": true, "grade": 0}, "tobramycin": {"type": "phenotype", "amr_classes": ["aminoglycoside"], "seq_regions": ["aac(6')-Iaa;;1;;NC_003197"], "seq_variations": [], "ref_database": ["ResFinder-2.4.0"], "category": "amr", "key": "tobramycin", "amr_resistance": "tobramycin", "amr_resistant": true, "amr_species_relevant": true, "grade": 1}, "streptomycin": {"type": "phenotype", "amr_classes": ["aminoglycoside"], "seq_regions": [], "seq_variations": [], "ref_database": [], "category": "amr", "key": "streptomycin", "amr_resistance": "streptomycin", "amr_resistant": false, "amr_species_relevant": false, "grade": 0}, "amikacin": {"type": "phenotype", "amr_classes": ["aminoglycoside"], "seq_regions": ["aac(6')-Iaa;;1;;NC_003197"], "seq_variations": [], "ref_database": ["ResFinder-2.4.0"], "category": "amr", "key": "amikacin", "amr_resistance": "amikacin", "amr_resistant": true, "amr_species_relevant": true, "grade": 1}, "isepamicin": {"type": "phenotype", "amr_classes": ["aminoglycoside"], "seq_regions": [], "seq_variations": [], "ref_database": [], "category": "amr", "key": "isepamicin", "amr_resistance": "isepamicin", "amr_resistant": false, "amr_species_relevant": false, "grade": 0}, "dibekacin": {"type": "phenotype", "amr_classes": ["aminoglycoside"], "seq_regions": [], "seq_variations": [], "ref_database": [], "category": "amr", "key": "dibekacin", "amr_resistance": "dibekacin", "amr_resistant": false, "amr_species_relevant": false, "grade": 0}, "kanamycin": {"type": "phenotype", "amr_classes": ["aminoglycoside"], "seq_regions": [], "seq_variations": [], "ref_database": [], "category": "amr", "key": "kanamycin", "amr_resistance": "kanamycin", "amr_resistant": false, "amr_species_relevant": false, "grade": 0}, "neomycin": {"type": "phenotype", "amr_classes": ["aminoglycoside"], "seq_regions": [], "seq_variations": [], "ref_database": [], "category": "amr", "key": "neomycin", "amr_resistance": "neomycin", "amr_resistant": false, "amr_species_relevant": false, "grade": 0}, "lividomycin": {"type": "phenotype", "amr_classes": ["aminoglycoside"], "seq_regions": [], "seq_variations": [], "ref_database": [], "category": "amr", "key": "lividomycin", "amr_resistance": "lividomycin", "amr_resistant": false, "amr_species_relevant": false, "grade": 0}, "paromomycin": {"type": "phenotype", "amr_classes": ["aminoglycoside"], "seq_regions": [], "seq_variations": [], "ref_database": [], "category": "amr", "key": "paromomycin", "amr_resistance": "paromomycin", "amr_resistant": false, "amr_species_relevant": false, "grade": 0}, "ribostamycin": {"type": "phenotype", "amr_classes": ["aminoglycoside"], "seq_regions": [], "seq_variations": [], "ref_database": [], "category": "amr", "key": "ribostamycin", "amr_resistance": "ribostamycin", "amr_resistant": false, "amr_species_relevant": false, "grade": 0}, "unknown aminoglycoside": {"type": "phenotype", "amr_classes": ["aminoglycoside"], "seq_regions": [], "seq_variations": [], "ref_database": [], "category": "amr", "key": "unknown aminoglycoside", "amr_resistance": "unknown aminoglycoside", "amr_resistant": false, "amr_species_relevant": false, "grade": 0}, "butiromycin": {"type": "phenotype", "amr_classes": ["aminoglycoside"], "seq_regions": [], "seq_variations": [], "ref_database": [], "category": "amr", "key": "butiromycin", "amr_resistance": "butiromycin", "amr_resistant": false, "amr_species_relevant": false, "grade": 0}, "butirosin": {"type": "phenotype", "amr_classes": ["aminoglycoside"], "seq_regions": [], "seq_variations": [], "ref_database": [], "category": "amr", "key": "butirosin", "amr_resistance": "butirosin", "amr_resistant": false, "amr_species_relevant": false, "grade": 0}, "hygromycin": {"type": "phenotype", "amr_classes": ["aminoglycoside"], "seq_regions": [], "seq_variations": [], "ref_database": [], "category": "amr", "key": "hygromycin", "amr_resistance": "hygromycin", "amr_resistant": false, "amr_species_relevant": false, "grade": 0}, "netilmicin": {"type": "phenotype", "amr_classes": ["aminoglycoside"], "seq_regions": [], "seq_variations": [], "ref_database": [], "category": "amr", "key": "netilmicin", "amr_resistance": "netilmicin", "amr_resistant": false, "amr_species_relevant": false, "grade": 0}, "apramycin": {"type": "phenotype", "amr_classes": ["aminoglycoside"], "seq_regions": [], "seq_variations": [], "ref_database": [], "category": "amr", "key": "apramycin", "amr_resistance": "apramycin", "amr_resistant": false, "amr_species_relevant": false, "grade": 0}, "sisomicin": {"type": "phenotype", "amr_classes": ["aminoglycoside"], "seq_regions": [], "seq_variations": [], "ref_database": [], "category": "amr", "key": "sisomicin", "amr_resistance": "sisomicin", "amr_resistant": false, "amr_species_relevant": false, "grade": 0}, "arbekacin": {"type": "phenotype", "amr_classes": ["aminoglycoside"], "seq_regions": [], "seq_variations": [], "ref_database": [], "category": "amr", "key": "arbekacin", "amr_resistance": "arbekacin", "amr_resistant": false, "amr_species_relevant": false, "grade": 0}, "kasugamycin": {"type": "phenotype", "amr_classes": ["aminoglycoside"], "seq_regions": [], "seq_variations": [], "ref_database": [], "category": "amr", "key": "kasugamycin", "amr_resistance": "kasugamycin", "amr_resistant": false, "amr_species_relevant": false, "grade": 0}, "astromicin": {"type": "phenotype", "amr_classes": ["aminoglycoside"], "seq_regions": [], "seq_variations": [], "ref_database": [], "category": "amr", "key": "astromicin", "amr_resistance": "astromicin", "amr_resistant": false, "amr_species_relevant": false, "grade": 0}, "fortimicin": {"type": "phenotype", "amr_classes": ["aminoglycoside"], "seq_regions": [], "seq_variations": [], "ref_database": [], "category": "amr", "key": "fortimicin", "amr_resistance": "fortimicin", "amr_resistant": false, "amr_species_relevant": false, "grade": 0}, "spectinomycin": {"type": "phenotype", "amr_classes": ["aminocyclitol"], "seq_regions": [], "seq_variations": [], "ref_database": [], "category": "amr", "key": "spectinomycin", "amr_resistance": "spectinomycin", "amr_resistant": false, "amr_species_relevant": false, "grade": 0}, "fluoroquinolone": {"type": "phenotype", "amr_classes": ["quinolone"], "seq_regions": [], "seq_variations": [], "ref_database": [], "category": "amr", "key": "fluoroquinolone", "amr_resistance": "fluoroquinolone", "amr_resistant": false, "amr_species_relevant": false, "grade": 0}, "ciprofloxacin": {"type": "phenotype", "amr_classes": ["quinolone"], "seq_regions": [], "seq_variations": ["gyrA;;1;;MH933946.1;;87;;n"], "ref_database": ["PointFinder-4.1.1"], "category": "amr", "key": "ciprofloxacin", "amr_resistance": "ciprofloxacin", "amr_resistant": true, "amr_species_relevant": true, "grade": 3}, "unknown quinolone": {"type": "phenotype", "amr_classes": ["quinolone"], "seq_regions": [], "seq_variations": [], "ref_database": [], "category": "amr", "key": "unknown quinolone", "amr_resistance": "unknown quinolone", "amr_resistant": false, "amr_species_relevant": false, "grade": 0}, "nalidixic acid": {"type": "phenotype", "amr_classes": ["quinolone"], "seq_regions": [], "seq_variations": ["gyrA;;1;;MH933946.1;;87;;n"], "ref_database": ["PointFinder-4.1.1"], "category": "amr", "key": "nalidixic acid", "amr_resistance": "nalidixic acid", "amr_resistant": true, "amr_species_relevant": true, "grade": 3}, "amoxicillin": {"type": "phenotype", "amr_classes": ["beta-lactam"], "seq_regions": [], "seq_variations": [], "ref_database": [], "category": "amr", "key": "amoxicillin", "amr_resistance": "amoxicillin", "amr_resistant": false, "amr_species_relevant": false, "grade": 0}, "amoxicillin+clavulanic acid": {"type": "phenotype", "amr_classes": ["beta-lactam"], "seq_regions": [], "seq_variations": [], "ref_database": [], "category": "amr", "key": "amoxicillin+clavulanic acid", "amr_resistance": "amoxicillin+clavulanic acid", "amr_resistant": false, "amr_species_relevant": false, "grade": 0}, "ampicillin": {"type": "phenotype", "amr_classes": ["beta-lactam"], "seq_regions": [], "seq_variations": [], "ref_database": [], "category": "amr", "key": "ampicillin", "amr_resistance": "ampicillin", "amr_resistant": false, "amr_species_relevant": true, "grade": 0}, "ampicillin+clavulanic acid": {"type": "phenotype", "amr_classes": ["beta-lactam"], "seq_regions": [], "seq_variations": [], "ref_database": [], "category": "amr", "key": "ampicillin+clavulanic acid", "amr_resistance": "ampicillin+clavulanic acid", "amr_resistant": false, "amr_species_relevant": true, "grade": 0}, "cefepime": {"type": "phenotype", "amr_classes": ["beta-lactam"], "seq_regions": [], "seq_variations": [], "ref_database": [], "category": "amr", "key": "cefepime", "amr_resistance": "cefepime", "amr_resistant": false, "amr_species_relevant": true, "grade": 0}, "cefixime": {"type": "phenotype", "amr_classes": ["beta-lactam"], "seq_regions": [], "seq_variations": [], "ref_database": [], "category": "amr", "key": "cefixime", "amr_resistance": "cefixime", "amr_resistant": false, "amr_species_relevant": false, "grade": 0}, "cefotaxime": {"type": "phenotype", "amr_classes": ["beta-lactam"], "seq_regions": [], "seq_variations": [], "ref_database": [], "category": "amr", "key": "cefotaxime", "amr_resistance": "cefotaxime", "amr_resistant": false, "amr_species_relevant": true, "grade": 0}, "cefoxitin": {"type": "phenotype", "amr_classes": ["beta-lactam"], "seq_regions": [], "seq_variations": [], "ref_database": [], "category": "amr", "key": "cefoxitin", "amr_resistance": "cefoxitin", "amr_resistant": false, "amr_species_relevant": true, "grade": 0}, "ceftazidime": {"type": "phenotype", "amr_classes": ["beta-lactam"], "seq_regions": [], "seq_variations": [], "ref_database": [], "category": "amr", "key": "ceftazidime", "amr_resistance": "ceftazidime", "amr_resistant": false, "amr_species_relevant": true, "grade": 0}, "ertapenem": {"type": "phenotype", "amr_classes": ["beta-lactam"], "seq_regions": [], "seq_variations": [], "ref_database": [], "category": "amr", "key": "ertapenem", "amr_resistance": "ertapenem", "amr_resistant": false, "amr_species_relevant": true, "grade": 0}, "imipenem": {"type": "phenotype", "amr_classes": ["beta-lactam"], "seq_regions": [], "seq_variations": [], "ref_database": [], "category": "amr", "key": "imipenem", "amr_resistance": "imipenem", "amr_resistant": false, "amr_species_relevant": true, "grade": 0}, "meropenem": {"type": "phenotype", "amr_classes": ["beta-lactam"], "seq_regions": [], "seq_variations": [], "ref_database": [], "category": "amr", "key": "meropenem", "amr_resistance": "meropenem", "amr_resistant": false, "amr_species_relevant": true, "grade": 0}, "piperacillin": {"type": "phenotype", "amr_classes": ["beta-lactam"], "seq_regions": [], "seq_variations": [], "ref_database": [], "category": "amr", "key": "piperacillin", "amr_resistance": "piperacillin", "amr_resistant": false, "amr_species_relevant": false, "grade": 0}, "piperacillin+tazobactam": {"type": "phenotype", "amr_classes": ["beta-lactam"], "seq_regions": [], "seq_variations": [], "ref_database": [], "category": "amr", "key": "piperacillin+tazobactam", "amr_resistance": "piperacillin+tazobactam", "amr_resistant": false, "amr_species_relevant": true, "grade": 0}, "unknown beta-lactam": {"type": "phenotype", "amr_classes": ["beta-lactam"], "seq_regions": [], "seq_variations": [], "ref_database": [], "category": "amr", "key": "unknown beta-lactam", "amr_resistance": "unknown beta-lactam", "amr_resistant": false, "amr_species_relevant": false, "grade": 0}, "aztreonam": {"type": "phenotype", "amr_classes": ["beta-lactam"], "seq_regions": [], "seq_variations": [], "ref_database": [], "category": "amr", "key": "aztreonam", "amr_resistance": "aztreonam", "amr_resistant": false, "amr_species_relevant": false, "grade": 0}, "cefotaxime+clavulanic acid": {"type": "phenotype", "amr_classes": ["beta-lactam"], "seq_regions": [], "seq_variations": [], "ref_database": [], "category": "amr", "key": "cefotaxime+clavulanic acid", "amr_resistance": "cefotaxime+clavulanic acid", "amr_resistant": false, "amr_species_relevant": false, "grade": 0}, "temocillin": {"type": "phenotype", "amr_classes": ["beta-lactam"], "seq_regions": [], "seq_variations": [], "ref_database": [], "category": "amr", "key": "temocillin", "amr_resistance": "temocillin", "amr_resistant": false, "amr_species_relevant": true, "grade": 0}, "ticarcillin": {"type": "phenotype", "amr_classes": ["beta-lactam"], "seq_regions": [], "seq_variations": [], "ref_database": [], "category": "amr", "key": "ticarcillin", "amr_resistance": "ticarcillin", "amr_resistant": false, "amr_species_relevant": false, "grade": 0}, "ceftazidime+avibactam": {"type": "phenotype", "amr_classes": ["beta-lactam"], "seq_regions": [], "seq_variations": [], "ref_database": [], "category": "amr", "key": "ceftazidime+avibactam", "amr_resistance": "ceftazidime+avibactam", "amr_resistant": false, "amr_species_relevant": false, "grade": 0}, "penicillin": {"type": "phenotype", "amr_classes": ["beta-lactam"], "seq_regions": [], "seq_variations": [], "ref_database": [], "category": "amr", "key": "penicillin", "amr_resistance": "penicillin", "amr_resistant": false, "amr_species_relevant": false, "grade": 0}, "ceftriaxone": {"type": "phenotype", "amr_classes": ["beta-lactam"], "seq_regions": [], "seq_variations": [], "ref_database": [], "category": "amr", "key": "ceftriaxone", "amr_resistance": "ceftriaxone", "amr_resistant": false, "amr_species_relevant": false, "grade": 0}, "ticarcillin+clavulanic acid": {"type": "phenotype", "amr_classes": ["beta-lactam"], "seq_regions": [], "seq_variations": [], "ref_database": [], "category": "amr", "key": "ticarcillin+clavulanic acid", "amr_resistance": "ticarcillin+clavulanic acid", "amr_resistant": false, "amr_species_relevant": false, "grade": 0}, "cephalothin": {"type": "phenotype", "amr_classes": ["beta-lactam"], "seq_regions": [], "seq_variations": [], "ref_database": [], "category": "amr", "key": "cephalothin", "amr_resistance": "cephalothin", "amr_resistant": false, "amr_species_relevant": false, "grade": 0}, "piperacillin+clavulanic acid": {"type": "phenotype", "amr_classes": ["beta-lactam"], "seq_regions": [], "seq_variations": [], "ref_database": [], "category": "amr", "key": "piperacillin+clavulanic acid", "amr_resistance": "piperacillin+clavulanic acid", "amr_resistant": false, "amr_species_relevant": false, "grade": 0}, "ceftiofur": {"type": "phenotype", "amr_classes": ["under_development"], "seq_regions": [], "seq_variations": [], "ref_database": [], "category": "amr", "key": "ceftiofur", "amr_resistance": "ceftiofur", "amr_resistant": false, "amr_species_relevant": false, "grade": 0}, "sulfamethoxazole": {"type": "phenotype", "amr_classes": ["folate pathway antagonist"], "seq_regions": [], "seq_variations": [], "ref_database": [], "category": "amr", "key": "sulfamethoxazole", "amr_resistance": "sulfamethoxazole", "amr_resistant": false, "amr_species_relevant": true, "grade": 0}, "trimethoprim": {"type": "phenotype", "amr_classes": ["folate pathway antagonist"], "seq_regions": [], "seq_variations": [], "ref_database": [], "category": "amr", "key": "trimethoprim", "amr_resistance": "trimethoprim", "amr_resistant": false, "amr_species_relevant": true, "grade": 0}, "fosfomycin": {"type": "phenotype", "amr_classes": ["fosfomycin"], "seq_regions": [], "seq_variations": [], "ref_database": [], "category": "amr", "key": "fosfomycin", "amr_resistance": "fosfomycin", "amr_resistant": false, "amr_species_relevant": false, "grade": 0}, "vancomycin": {"type": "phenotype", "amr_classes": ["glycopeptide"], "seq_regions": [], "seq_variations": [], "ref_database": [], "category": "amr", "key": "vancomycin", "amr_resistance": "vancomycin", "amr_resistant": false, "amr_species_relevant": false, "grade": 0}, "teicoplanin": {"type": "phenotype", "amr_classes": ["glycopeptide"], "seq_regions": [], "seq_variations": [], "ref_database": [], "category": "amr", "key": "teicoplanin", "amr_resistance": "teicoplanin", "amr_resistant": false, "amr_species_relevant": false, "grade": 0}, "bleomycin": {"type": "phenotype", "amr_classes": ["glycopeptide"], "seq_regions": [], "seq_variations": [], "ref_database": [], "category": "amr", "key": "bleomycin", "amr_resistance": "bleomycin", "amr_resistant": false, "amr_species_relevant": false, "grade": 0}, "lincomycin": {"type": "phenotype", "amr_classes": ["lincosamide"], "seq_regions": [], "seq_variations": [], "ref_database": [], "category": "amr", "key": "lincomycin", "amr_resistance": "lincomycin", "amr_resistant": false, "amr_species_relevant": false, "grade": 0}, "clindamycin": {"type": "phenotype", "amr_classes": ["lincosamide"], "seq_regions": [], "seq_variations": [], "ref_database": [], "category": "amr", "key": "clindamycin", "amr_resistance": "clindamycin", "amr_resistant": false, "amr_species_relevant": false, "grade": 0}, "dalfopristin": {"type": "phenotype", "amr_classes": ["streptogramin a"], "seq_regions": [], "seq_variations": [], "ref_database": [], "category": "amr", "key": "dalfopristin", "amr_resistance": "dalfopristin", "amr_resistant": false, "amr_species_relevant": false, "grade": 0}, "pristinamycin iia": {"type": "phenotype", "amr_classes": ["streptogramin a"], "seq_regions": [], "seq_variations": [], "ref_database": [], "category": "amr", "key": "pristinamycin iia", "amr_resistance": "pristinamycin iia", "amr_resistant": false, "amr_species_relevant": false, "grade": 0}, "virginiamycin m": {"type": "phenotype", "amr_classes": ["streptogramin a"], "seq_regions": [], "seq_variations": [], "ref_database": [], "category": "amr", "key": "virginiamycin m", "amr_resistance": "virginiamycin m", "amr_resistant": false, "amr_species_relevant": false, "grade": 0}, "quinupristin+dalfopristin": {"type": "phenotype", "amr_classes": ["streptogramin a"], "seq_regions": [], "seq_variations": [], "ref_database": [], "category": "amr", "key": "quinupristin+dalfopristin", "amr_resistance": "quinupristin+dalfopristin", "amr_resistant": false, "amr_species_relevant": false, "grade": 0}, "tiamulin": {"type": "phenotype", "amr_classes": ["pleuromutilin"], "seq_regions": [], "seq_variations": [], "ref_database": [], "category": "amr", "key": "tiamulin", "amr_resistance": "tiamulin", "amr_resistant": false, "amr_species_relevant": false, "grade": 0}, "carbomycin": {"type": "phenotype", "amr_classes": ["macrolide"], "seq_regions": [], "seq_variations": [], "ref_database": [], "category": "amr", "key": "carbomycin", "amr_resistance": "carbomycin", "amr_resistant": false, "amr_species_relevant": false, "grade": 0}, "erythromycin": {"type": "phenotype", "amr_classes": ["macrolide"], "seq_regions": [], "seq_variations": [], "ref_database": [], "category": "amr", "key": "erythromycin", "amr_resistance": "erythromycin", "amr_resistant": false, "amr_species_relevant": false, "grade": 0}, "azithromycin": {"type": "phenotype", "amr_classes": ["macrolide"], "seq_regions": [], "seq_variations": [], "ref_database": [], "category": "amr", "key": "azithromycin", "amr_resistance": "azithromycin", "amr_resistant": false, "amr_species_relevant": true, "grade": 0}, "oleandomycin": {"type": "phenotype", "amr_classes": ["macrolide"], "seq_regions": [], "seq_variations": [], "ref_database": [], "category": "amr", "key": "oleandomycin", "amr_resistance": "oleandomycin", "amr_resistant": false, "amr_species_relevant": false, "grade": 0}, "spiramycin": {"type": "phenotype", "amr_classes": ["macrolide"], "seq_regions": [], "seq_variations": [], "ref_database": [], "category": "amr", "key": "spiramycin", "amr_resistance": "spiramycin", "amr_resistant": false, "amr_species_relevant": false, "grade": 0}, "tylosin": {"type": "phenotype", "amr_classes": ["macrolide"], "seq_regions": [], "seq_variations": [], "ref_database": [], "category": "amr", "key": "tylosin", "amr_resistance": "tylosin", "amr_resistant": false, "amr_species_relevant": false, "grade": 0}, "telithromycin": {"type": "phenotype", "amr_classes": ["macrolide"], "seq_regions": [], "seq_variations": [], "ref_database": [], "category": "amr", "key": "telithromycin", "amr_resistance": "telithromycin", "amr_resistant": false, "amr_species_relevant": false, "grade": 0}, "tetracycline": {"type": "phenotype", "amr_classes": ["tetracycline"], "seq_regions": [], "seq_variations": [], "ref_database": [], "category": "amr", "key": "tetracycline", "amr_resistance": "tetracycline", "amr_resistant": false, "amr_species_relevant": true, "grade": 0}, "doxycycline": {"type": "phenotype", "amr_classes": ["tetracycline"], "seq_regions": [], "seq_variations": [], "ref_database": [], "category": "amr", "key": "doxycycline", "amr_resistance": "doxycycline", "amr_resistant": false, "amr_species_relevant": false, "grade": 0}, "minocycline": {"type": "phenotype", "amr_classes": ["tetracycline"], "seq_regions": [], "seq_variations": [], "ref_database": [], "category": "amr", "key": "minocycline", "amr_resistance": "minocycline", "amr_resistant": false, "amr_species_relevant": false, "grade": 0}, "tigecycline": {"type": "phenotype", "amr_classes": ["tetracycline"], "seq_regions": [], "seq_variations": [], "ref_database": [], "category": "amr", "key": "tigecycline", "amr_resistance": "tigecycline", "amr_resistant": false, "amr_species_relevant": true, "grade": 0}, "quinupristin": {"type": "phenotype", "amr_classes": ["streptogramin b"], "seq_regions": [], "seq_variations": [], "ref_database": [], "category": "amr", "key": "quinupristin", "amr_resistance": "quinupristin", "amr_resistant": false, "amr_species_relevant": false, "grade": 0}, "pristinamycin ia": {"type": "phenotype", "amr_classes": ["streptogramin b"], "seq_regions": [], "seq_variations": [], "ref_database": [], "category": "amr", "key": "pristinamycin ia", "amr_resistance": "pristinamycin ia", "amr_resistant": false, "amr_species_relevant": false, "grade": 0}, "virginiamycin s": {"type": "phenotype", "amr_classes": ["streptogramin b"], "seq_regions": [], "seq_variations": [], "ref_database": [], "category": "amr", "key": "virginiamycin s", "amr_resistance": "virginiamycin s", "amr_resistant": false, "amr_species_relevant": false, "grade": 0}, "linezolid": {"type": "phenotype", "amr_classes": ["oxazolidinone"], "seq_regions": [], "seq_variations": [], "ref_database": [], "category": "amr", "key": "linezolid", "amr_resistance": "linezolid", "amr_resistant": false, "amr_species_relevant": false, "grade": 0}, "chloramphenicol": {"type": "phenotype", "amr_classes": ["amphenicol"], "seq_regions": [], "seq_variations": [], "ref_database": [], "category": "amr", "key": "chloramphenicol", "amr_resistance": "chloramphenicol", "amr_resistant": false, "amr_species_relevant": true, "grade": 0}, "florfenicol": {"type": "phenotype", "amr_classes": ["amphenicol"], "seq_regions": [], "seq_variations": [], "ref_database": [], "category": "amr", "key": "florfenicol", "amr_resistance": "florfenicol", "amr_resistant": false, "amr_species_relevant": false, "grade": 0}, "colistin": {"type": "phenotype", "amr_classes": ["polymyxin"], "seq_regions": [], "seq_variations": [], "ref_database": [], "category": "amr", "key": "colistin", "amr_resistance": "colistin", "amr_resistant": false, "amr_species_relevant": true, "grade": 0}, "fusidic acid": {"type": "phenotype", "amr_classes": ["steroid antibacterial"], "seq_regions": [], "seq_variations": [], "ref_database": [], "category": "amr", "key": "fusidic acid", "amr_resistance": "fusidic acid", "amr_resistant": false, "amr_species_relevant": false, "grade": 0}, "mupirocin": {"type": "phenotype", "amr_classes": ["pseudomonic acid"], "seq_regions": [], "seq_variations": [], "ref_database": [], "category": "amr", "key": "mupirocin", "amr_resistance": "mupirocin", "amr_resistant": false, "amr_species_relevant": false, "grade": 0}, "rifampicin": {"type": "phenotype", "amr_classes": ["rifamycin"], "seq_regions": [], "seq_variations": [], "ref_database": [], "category": "amr", "key": "rifampicin", "amr_resistance": "rifampicin", "amr_resistant": false, "amr_species_relevant": false, "grade": 0}, "metronidazole": {"type": "phenotype", "amr_classes": ["nitroimidazole"], "seq_regions": [], "seq_variations": [], "ref_database": [], "category": "amr", "key": "metronidazole", "amr_resistance": "metronidazole", "amr_resistant": false, "amr_species_relevant": false, "grade": 0}, "narasin": {"type": "phenotype", "amr_classes": ["ionophores"], "seq_regions": [], "seq_variations": [], "ref_database": [], "category": "amr", "key": "narasin", "amr_resistance": "narasin", "amr_resistant": false, "amr_species_relevant": false, "grade": 0}, "salinomycin": {"type": "phenotype", "amr_classes": ["ionophores"], "seq_regions": [], "seq_variations": [], "ref_database": [], "category": "amr", "key": "salinomycin", "amr_resistance": "salinomycin", "amr_resistant": false, "amr_species_relevant": false, "grade": 0}, "maduramicin": {"type": "phenotype", "amr_classes": ["ionophores"], "seq_regions": [], "seq_variations": [], "ref_database": [], "category": "amr", "key": "maduramicin", "amr_resistance": "maduramicin", "amr_resistant": false, "amr_species_relevant": false, "grade": 0}}, "software_executions": {"23c57a5dba09067fc88464d3bf96638819b5efa3": {"type": "software_exec", "command": "/opt/conda/envs/amr/lib/python3.12/site-packages/resfinder/__main__.py -ifa ERR2093329.assembly.fa -s Salmonella enterica --acquired --point --outputPath ERR2093329_resfinder --db_path_res ./resfinder_db", "parameters": {"resfinder_root": "/opt/conda/envs/amr/lib/python3.12/site-packages/resfinder/", "env_var_file": "/opt/conda/envs/amr/lib/python3.12/site-packages/resfinder/environment_variables.md", "species_abbr_file": "/opt/conda/envs/amr/lib/python3.12/site-packages/resfinder/species_abbreviations.md", "outputPath": "/home/data/ERR2093329_resfinder", "out_json": false, "acquired": true, "point": true, "disinf": false, "species": "salmonella enterica", "inputfastq_1": null, "inputfasta": "/home/data/ERR2093329.assembly.fa", "outPath_res_blast": "/home/data/ERR2093329_resfinder/resfinder_blast", "outPath_disinf_blast": "/home/data/ERR2093329_resfinder/disinfinder_blast", "outPath_point_blast": "/home/data/ERR2093329_resfinder/pointfinder_blast", "sample_name": "ERR2093329.assembly.fa", "method": "blast", "blast": "blastn", "kma": null, "output_aln": false, "pickle": false, "db_path_res": "/home/data/resfinder_db", "db_path_res_kma": "/home/data/resfinder_db", "db_config_file": "/home/data/resfinder_db/config", "db_notes_file": "/home/data/resfinder_db/notes.txt", "db_panels_file": "/home/data/resfinder_db/phenotype_panels.txt", "rf_gene_cov": 0.6, "rf_gene_id": 0.8, "rf_overlap": 30, "species_dir": "salmonella", "db_path_point_root": "/home/data/pointfinder_db", "db_path_point": "/home/data/pointfinder_db/salmonella", "specific_gene": null, "pf_gene_cov": 0.01, "pf_gene_id": 0.8, "unknown_mut": false, "ignore_indels": false, "ignore_stop_codons": false, "point_file": "/home/data/pointfinder_db/salmonella/phenotypes.txt", "abclassdef_file": "/home/data/resfinder_db/antibiotic_classes.txt", "phenotype_file": "/home/data/resfinder_db/phenotypes.txt", "disinf_file": null, "disclassdef_file": null}, "key": "23c57a5dba09067fc88464d3bf96638819b5efa3"}}, "aln_hits": {}, "software_name": "ResFinder", "software_version": "4.6.0", "software_commit": "unknown", "run_date": "2025-01-25", "key": "ResFinder-4.6.0", "provided_species": "salmonella enterica", "result_summary": "TOB_AMI_CIP_NAL"}