<?xml version="1.0"?>
<!DOCTYPE BlastOutput PUBLIC "-//NCBI//NCBI BlastOutput/EN" "http://www.ncbi.nlm.nih.gov/dtd/NCBI_BlastOutput.dtd">
<BlastOutput>
  <BlastOutput_program>blastn</BlastOutput_program>
  <BlastOutput_version>BLASTN 2.16.0+</BlastOutput_version>
  <BlastOutput_reference>Zheng Zhang, Scott Schwartz, Lukas Wagner, and Webb Miller (2000), &quot;A greedy algorithm for aligning DNA sequences&quot;, J Comput Biol 2000; 7(1-2):203-14.</BlastOutput_reference>
  <BlastOutput_db></BlastOutput_db>
  <BlastOutput_query-ID>Query_1</BlastOutput_query-ID>
  <BlastOutput_query-def>3_np1212 79295</BlastOutput_query-def>
  <BlastOutput_query-len>79295</BlastOutput_query-len>
  <BlastOutput_param>
    <Parameters>
      <Parameters_expect>10</Parameters_expect>
      <Parameters_sc-match>1</Parameters_sc-match>
      <Parameters_sc-mismatch>-2</Parameters_sc-mismatch>
      <Parameters_gap-open>0</Parameters_gap-open>
      <Parameters_gap-extend>0</Parameters_gap-extend>
      <Parameters_filter>m;</Parameters_filter>
    </Parameters>
  </BlastOutput_param>
<BlastOutput_iterations>
<Iteration>
  <Iteration_iter-num>1</Iteration_iter-num>
  <Iteration_query-ID>Query_1</Iteration_query-ID>
  <Iteration_query-def>3_np1212 79295</Iteration_query-def>
  <Iteration_query-len>79295</Iteration_query-len>
<Iteration_hits>
</Iteration_hits>
  <Iteration_stat>
    <Statistics>
      <Statistics_db-num>0</Statistics_db-num>
      <Statistics_db-len>0</Statistics_db-len>
      <Statistics_hsp-len>22</Statistics_hsp-len>
      <Statistics_eff-space>3339137306</Statistics_eff-space>
      <Statistics_kappa>0.46</Statistics_kappa>
      <Statistics_lambda>1.28</Statistics_lambda>
      <Statistics_entropy>0.85</Statistics_entropy>
    </Statistics>
  </Iteration_stat>
  <Iteration_message>No hits found</Iteration_message>
</Iteration>
<Iteration>
  <Iteration_iter-num>2</Iteration_iter-num>
  <Iteration_query-ID>Query_2</Iteration_query-ID>
  <Iteration_query-def>2_np1212 273734</Iteration_query-def>
  <Iteration_query-len>273734</Iteration_query-len>
<Iteration_hits>
</Iteration_hits>
  <Iteration_stat>
    <Statistics>
      <Statistics_db-num>0</Statistics_db-num>
      <Statistics_db-len>0</Statistics_db-len>
      <Statistics_hsp-len>24</Statistics_hsp-len>
      <Statistics_eff-space>11517169380</Statistics_eff-space>
      <Statistics_kappa>0.46</Statistics_kappa>
      <Statistics_lambda>1.28</Statistics_lambda>
      <Statistics_entropy>0.85</Statistics_entropy>
    </Statistics>
  </Iteration_stat>
  <Iteration_message>No hits found</Iteration_message>
</Iteration>
<Iteration>
  <Iteration_iter-num>3</Iteration_iter-num>
  <Iteration_query-ID>Query_3</Iteration_query-ID>
  <Iteration_query-def>4_np1212 2095</Iteration_query-def>
  <Iteration_query-len>2095</Iteration_query-len>
<Iteration_hits>
</Iteration_hits>
  <Iteration_stat>
    <Statistics>
      <Statistics_db-num>0</Statistics_db-num>
      <Statistics_db-len>0</Statistics_db-len>
      <Statistics_hsp-len>18</Statistics_hsp-len>
      <Statistics_eff-space>87670170</Statistics_eff-space>
      <Statistics_kappa>0.46</Statistics_kappa>
      <Statistics_lambda>1.28</Statistics_lambda>
      <Statistics_entropy>0.85</Statistics_entropy>
    </Statistics>
  </Iteration_stat>
  <Iteration_message>No hits found</Iteration_message>
</Iteration>
<Iteration>
  <Iteration_iter-num>4</Iteration_iter-num>
  <Iteration_query-ID>Query_4</Iteration_query-ID>
  <Iteration_query-def>1_np1212 5406575</Iteration_query-def>
  <Iteration_query-len>5406575</Iteration_query-len>
<Iteration_hits>
</Iteration_hits>
  <Iteration_stat>
    <Statistics>
      <Statistics_db-num>0</Statistics_db-num>
      <Statistics_db-len>0</Statistics_db-len>
      <Statistics_hsp-len>27</Statistics_hsp-len>
      <Statistics_eff-space>227139894576</Statistics_eff-space>
      <Statistics_kappa>0.46</Statistics_kappa>
      <Statistics_lambda>1.28</Statistics_lambda>
      <Statistics_entropy>0.85</Statistics_entropy>
    </Statistics>
  </Iteration_stat>
  <Iteration_message>No hits found</Iteration_message>
</Iteration>
</BlastOutput_iterations>
</BlastOutput>

