{"type": "software_result", "databases": {"ResFinder-2.4.0": {"type": "database", "database_name": "ResFinder", "database_version": "2.4.0", "key": "ResFinder-2.4.0", "database_commit": "d3b2312c9db22ec33e5e93368a314dde9c17d4ab"}, "PointFinder-4.1.1": {"type": "database", "database_name": "PointFinder", "database_version": "4.1.1", "key": "PointFinder-4.1.1", "database_commit": "694919f59a38980204009e7ade76bf319cb7df0b"}}, "seq_regions": {"aac(3)-IId;;1;;EU022314": {"type": "seq_region", "phenotypes": ["gentamicin", "tobramycin", "dibekacin", "netilmicin", "apramycin", "sisomicin"], "ref_database": ["ResFinder-2.4.0"], "gene": true, "ref_id": "aac(3)-IId_1_EU022314", "name": "aac(3)-IId", "ref_acc": "EU022314", "identity": 99.88385598141696, "alignment_length": 861, "ref_seq_length": 861, "ref_start_pos": 1, "ref_end_pos": 861, "query_id": "contig_2_np1212 145843", "query_start_pos": 24531, "query_end_pos": 25391, "pmids": ["20185552"], "notes": [""], "coverage": 100.0, "grade": 2, "key": "aac(3)-IId;;1;;EU022314"}, "rmtC;;1;;AB194779": {"type": "seq_region", "phenotypes": ["gentamicin", "tobramycin", "amikacin", "isepamicin", "kanamycin", "sisomicin", "arbekacin"], "ref_database": ["ResFinder-2.4.0"], "gene": true, "ref_id": "rmtC_1_AB194779", "name": "rmtC", "ref_acc": "AB194779", "identity": 100.0, "alignment_length": 846, "ref_seq_length": 846, "ref_start_pos": 1, "ref_end_pos": 846, "query_id": "contig_2_np1212 145843", "query_start_pos": 26683, "query_end_pos": 27528, "pmids": ["16377684"], "notes": [""], "coverage": 100.0, "grade": 3, "key": "rmtC;;1;;AB194779"}, "aac(6')-Ib3;;1;;X60321": {"type": "seq_region", "phenotypes": ["tobramycin", "amikacin"], "ref_database": ["ResFinder-2.4.0"], "gene": true, "ref_id": "aac(6')-Ib3_1_X60321", "name": "aac(6')-Ib3", "ref_acc": "X60321", "identity": 100.0, "alignment_length": 555, "ref_seq_length": 555, "ref_start_pos": 1, "ref_end_pos": 555, "query_id": "contig_2_np1212 145843", "query_start_pos": 31891, "query_end_pos": 32445, "pmids": ["1331747"], "notes": ["Alternative name aac(6')-Ib5"], "coverage": 100.0, "grade": 3, "key": "aac(6')-Ib3;;1;;X60321"}, "blaCMY-6;;1;;AJ011293": {"type": "seq_region", "phenotypes": ["amoxicillin", "amoxicillin+clavulanic acid", "ampicillin", "ampicillin+clavulanic acid", "cefotaxime", "cefoxitin", "ceftazidime", "piperacillin", "piperacillin+tazobactam", "ticarcillin", "ticarcillin+clavulanic acid"], "ref_database": ["ResFinder-2.4.0"], "gene": true, "ref_id": "blaCMY-6_1_AJ011293", "name": "blaCMY-6", "ref_acc": "AJ011293", "identity": 100.0, "alignment_length": 1146, "ref_seq_length": 1146, "ref_start_pos": 1, "ref_end_pos": 1146, "query_id": "contig_2_np1212 145843", "query_start_pos": 74288, "query_end_pos": 75433, "pmids": ["11959544", "9818739"], "notes": ["Class C;CMY-2-like;;Alternative name blaLAT-3;"], "coverage": 100.0, "grade": 3, "key": "blaCMY-6;;1;;AJ011293"}, "blaNDM-1;;1;;FN396876": {"type": "seq_region", "phenotypes": ["amoxicillin", "amoxicillin+clavulanic acid", "ampicillin", "ampicillin+clavulanic acid", "cefepime", "cefixime", "cefotaxime", "cefoxitin", "ceftazidime", "ertapenem", "imipenem", "meropenem", "piperacillin", "piperacillin+tazobactam", "temocillin", "ceftazidime+avibactam"], "ref_database": ["ResFinder-2.4.0"], "gene": true, "ref_id": "blaNDM-1_1_FN396876", "name": "blaNDM-1", "ref_acc": "FN396876", "identity": 100.0, "alignment_length": 813, "ref_seq_length": 813, "ref_start_pos": 1, "ref_end_pos": 813, "query_id": "contig_2_np1212 145843", "query_start_pos": 16375, "query_end_pos": 17187, "pmids": ["19770275"], "notes": ["Subclass B1"], "coverage": 100.0, "grade": 3, "key": "blaNDM-1;;1;;FN396876"}, "sul1;;2;;U12338": {"type": "seq_region", "phenotypes": ["sulfamethoxazole"], "ref_database": ["ResFinder-2.4.0"], "gene": true, "ref_id": "sul1_2_U12338", "name": "sul1", "ref_acc": "U12338", "identity": 100.0, "alignment_length": 840, "ref_seq_length": 840, "ref_start_pos": 1, "ref_end_pos": 840, "query_id": "contig_2_np1212 145843", "query_start_pos": 30542, "query_end_pos": 31381, "pmids": ["unpublished"], "notes": [""], "coverage": 100.0, "grade": 3, "key": "sul1;;2;;U12338"}, "gyrA;;1;;CP073768.1": {"type": "seq_region", "phenotypes": [], "ref_database": ["PointFinder-4.1.1"], "gene": true, "ref_id": "gyrA_1_CP073768.1", "name": "gyrA", "ref_acc": "CP073768.1", "identity": 99.31506849315068, "alignment_length": 2628, "ref_seq_length": 2628, "ref_start_pos": 1, "ref_end_pos": 2628, "query_id": "contig_1_np1212 4701118", "query_start_pos": 1841401, "query_end_pos": 1844028, "pmids": [], "notes": [], "coverage": 100.0, "grade": 2, "key": "gyrA;;1;;CP073768.1"}, "gyrB;;1;;CP047010.1": {"type": "seq_region", "phenotypes": [], "ref_database": ["PointFinder-4.1.1"], "gene": true, "ref_id": "gyrB_1_CP047010.1", "name": "gyrB", "ref_acc": "CP047010.1", "identity": 99.04761904761905, "alignment_length": 2415, "ref_seq_length": 2415, "ref_start_pos": 1, "ref_end_pos": 2415, "query_id": "contig_1_np1212 4701118", "query_start_pos": 310881, "query_end_pos": 313295, "pmids": [], "notes": [], "coverage": 100.0, "grade": 2, "key": "gyrB;;1;;CP047010.1"}, "parC;;1;;CP084529.1": {"type": "seq_region", "phenotypes": [], "ref_database": ["PointFinder-4.1.1"], "gene": true, "ref_id": "parC_1_CP084529.1", "name": "parC", "ref_acc": "CP084529.1", "identity": 99.51305887560868, "alignment_length": 2259, "ref_seq_length": 2259, "ref_start_pos": 1, "ref_end_pos": 2259, "query_id": "contig_1_np1212 4701118", "query_start_pos": 1035634, "query_end_pos": 1037892, "pmids": [], "notes": [], "coverage": 100.0, "grade": 2, "key": "parC;;1;;CP084529.1"}, "parE;;1;;CP034658.1": {"type": "seq_region", "phenotypes": [], "ref_database": ["PointFinder-4.1.1"], "gene": true, "ref_id": "parE_1_CP034658.1", "name": "parE", "ref_acc": "CP034658.1", "identity": 97.62282091917591, "alignment_length": 1893, "ref_seq_length": 1893, "ref_start_pos": 1, "ref_end_pos": 1893, "query_id": "contig_1_np1212 4701118", "query_start_pos": 1020157, "query_end_pos": 1022049, "pmids": [], "notes": [], "coverage": 100.0, "grade": 2, "key": "parE;;1;;CP034658.1"}, "pmrA;;1;;CP047010.1": {"type": "seq_region", "phenotypes": [], "ref_database": ["PointFinder-4.1.1"], "gene": true, "ref_id": "pmrA_1_CP047010.1", "name": "pmrA", "ref_acc": "CP047010.1", "identity": 99.10313901345292, "alignment_length": 669, "ref_seq_length": 669, "ref_start_pos": 1, "ref_end_pos": 669, "query_id": "contig_1_np1212 4701118", "query_start_pos": 4544551, "query_end_pos": 4545219, "pmids": [], "notes": [], "coverage": 100.0, "grade": 2, "key": "pmrA;;1;;CP047010.1"}, "pmrB;;1;;CP072802.1": {"type": "seq_region", "phenotypes": [], "ref_database": ["PointFinder-4.1.1"], "gene": true, "ref_id": "pmrB_1_CP072802.1", "name": "pmrB", "ref_acc": "CP072802.1", "identity": 99.72527472527473, "alignment_length": 1092, "ref_seq_length": 1092, "ref_start_pos": 1, "ref_end_pos": 1092, "query_id": "contig_1_np1212 4701118", "query_start_pos": 4545229, "query_end_pos": 4546320, "pmids": [], "notes": [], "coverage": 100.0, "grade": 2, "key": "pmrB;;1;;CP072802.1"}, "folP;;1;;CP047010": {"type": "seq_region", "phenotypes": [], "ref_database": ["PointFinder-4.1.1"], "gene": true, "ref_id": "folP_1_CP047010", "name": "folP", "ref_acc": "CP047010", "identity": 99.64664310954063, "alignment_length": 849, "ref_seq_length": 849, "ref_start_pos": 1, "ref_end_pos": 849, "query_id": "contig_1_np1212 4701118", "query_start_pos": 862959, "query_end_pos": 863807, "pmids": [], "notes": [], "coverage": 100.0, "grade": 2, "key": "folP;;1;;CP047010"}, "23S;;1;;CP053604.1": {"type": "seq_region", "phenotypes": [], "ref_database": ["PointFinder-4.1.1"], "gene": true, "ref_id": "23S_1_CP053604.1", "name": "23S", "ref_acc": "CP053604.1", "identity": 99.44941500344116, "alignment_length": 2906, "ref_seq_length": 2904, "ref_start_pos": 1, "ref_end_pos": 2904, "query_id": "contig_1_np1212 4701118", "query_start_pos": 239260, "query_end_pos": 242165, "pmids": [], "notes": [], "coverage": 100.0, "grade": 2, "key": "23S;;1;;CP053604.1"}, "23S;;1;;CP053604.1;;wipo": {"type": "seq_region", "phenotypes": [], "ref_database": ["PointFinder-4.1.1"], "gene": true, "ref_id": "23S_1_CP053604.1", "name": "23S", "ref_acc": "CP053604.1", "identity": 99.44941500344116, "alignment_length": 2906, "ref_seq_length": 2904, "ref_start_pos": 1, "ref_end_pos": 2904, "query_id": "contig_1_np1212 4701118", "query_start_pos": 218, "query_end_pos": 3123, "pmids": [], "notes": [], "coverage": 100.0, "grade": 2, "key": "23S;;1;;CP053604.1;;wipo"}, "23S;;1;;CP053604.1;;mhkt": {"type": "seq_region", "phenotypes": [], "ref_database": ["PointFinder-4.1.1"], "gene": true, "ref_id": "23S_1_CP053604.1", "name": "23S", "ref_acc": "CP053604.1", "identity": 99.41500344115623, "alignment_length": 2906, "ref_seq_length": 2904, "ref_start_pos": 1, "ref_end_pos": 2904, "query_id": "contig_1_np1212 4701118", "query_start_pos": 1476740, "query_end_pos": 1479644, "pmids": [], "notes": [], "coverage": 99.96556473829202, "grade": 1, "key": "23S;;1;;CP053604.1;;mhkt"}, "23S;;1;;CP053604.1;;vgym": {"type": "seq_region", "phenotypes": [], "ref_database": ["PointFinder-4.1.1"], "gene": true, "ref_id": "23S_1_CP053604.1", "name": "23S", "ref_acc": "CP053604.1", "identity": 99.3805918788713, "alignment_length": 2906, "ref_seq_length": 2904, "ref_start_pos": 1, "ref_end_pos": 2904, "query_id": "contig_1_np1212 4701118", "query_start_pos": 4659954, "query_end_pos": 4662859, "pmids": [], "notes": [], "coverage": 100.0, "grade": 2, "key": "23S;;1;;CP053604.1;;vgym"}, "23S;;1;;CP053604.1;;gjwe": {"type": "seq_region", "phenotypes": [], "ref_database": ["PointFinder-4.1.1"], "gene": true, "ref_id": "23S_1_CP053604.1", "name": "23S", "ref_acc": "CP053604.1", "identity": 99.31176875430144, "alignment_length": 2906, "ref_seq_length": 2904, "ref_start_pos": 1, "ref_end_pos": 2904, "query_id": "contig_1_np1212 4701118", "query_start_pos": 3999005, "query_end_pos": 4001910, "pmids": [], "notes": [], "coverage": 100.0, "grade": 2, "key": "23S;;1;;CP053604.1;;gjwe"}, "23S;;1;;CP053604.1;;hupl": {"type": "seq_region", "phenotypes": [], "ref_database": ["PointFinder-4.1.1"], "gene": true, "ref_id": "23S_1_CP053604.1", "name": "23S", "ref_acc": "CP053604.1", "identity": 99.20853406744666, "alignment_length": 2906, "ref_seq_length": 2904, "ref_start_pos": 1, "ref_end_pos": 2904, "query_id": "contig_1_np1212 4701118", "query_start_pos": 140614, "query_end_pos": 143519, "pmids": [], "notes": [], "coverage": 100.0, "grade": 2, "key": "23S;;1;;CP053604.1;;hupl"}, "23S;;1;;CP053604.1;;flbi": {"type": "seq_region", "phenotypes": [], "ref_database": ["PointFinder-4.1.1"], "gene": true, "ref_id": "23S_1_CP053604.1", "name": "23S", "ref_acc": "CP053604.1", "identity": 99.10529938059189, "alignment_length": 2906, "ref_seq_length": 2904, "ref_start_pos": 1, "ref_end_pos": 2904, "query_id": "contig_1_np1212 4701118", "query_start_pos": 768539, "query_end_pos": 771444, "pmids": [], "notes": [], "coverage": 100.0, "grade": 2, "key": "23S;;1;;CP053604.1;;flbi"}, "16S-rrsB;;1;;CP067250.1": {"type": "seq_region", "phenotypes": [], "ref_database": ["PointFinder-4.1.1"], "gene": true, "ref_id": "16S-rrsB_1_CP067250.1", "name": "16S-rrsB", "ref_acc": "CP067250.1", "identity": 99.80544747081711, "alignment_length": 1542, "ref_seq_length": 1542, "ref_start_pos": 1, "ref_end_pos": 1542, "query_id": "contig_1_np1212 4701118", "query_start_pos": 4002357, "query_end_pos": 4003898, "pmids": [], "notes": [], "coverage": 100.0, "grade": 2, "key": "16S-rrsB;;1;;CP067250.1"}, "16S-rrsB;;1;;CP067250.1;;ttpl": {"type": "seq_region", "phenotypes": [], "ref_database": ["PointFinder-4.1.1"], "gene": true, "ref_id": "16S-rrsB_1_CP067250.1", "name": "16S-rrsB", "ref_acc": "CP067250.1", "identity": 99.80544747081711, "alignment_length": 1542, "ref_seq_length": 1542, "ref_start_pos": 1, "ref_end_pos": 1542, "query_id": "contig_1_np1212 4701118", "query_start_pos": 3478, "query_end_pos": 5019, "pmids": [], "notes": [], "coverage": 100.0, "grade": 2, "key": "16S-rrsB;;1;;CP067250.1;;ttpl"}, "16S-rrsB;;1;;CP067250.1;;rlku": {"type": "seq_region", "phenotypes": [], "ref_database": ["PointFinder-4.1.1"], "gene": true, "ref_id": "16S-rrsB_1_CP067250.1", "name": "16S-rrsB", "ref_acc": "CP067250.1", "identity": 99.67574578469521, "alignment_length": 1542, "ref_seq_length": 1542, "ref_start_pos": 1, "ref_end_pos": 1542, "query_id": "contig_1_np1212 4701118", "query_start_pos": 143966, "query_end_pos": 145507, "pmids": [], "notes": [], "coverage": 100.0, "grade": 2, "key": "16S-rrsB;;1;;CP067250.1;;rlku"}, "16S-rrsB;;1;;CP067250.1;;fpgc": {"type": "seq_region", "phenotypes": [], "ref_database": ["PointFinder-4.1.1"], "gene": true, "ref_id": "16S-rrsB_1_CP067250.1", "name": "16S-rrsB", "ref_acc": "CP067250.1", "identity": 99.61089494163424, "alignment_length": 1542, "ref_seq_length": 1542, "ref_start_pos": 1, "ref_end_pos": 1542, "query_id": "contig_1_np1212 4701118", "query_start_pos": 242520, "query_end_pos": 244061, "pmids": [], "notes": [], "coverage": 100.0, "grade": 2, "key": "16S-rrsB;;1;;CP067250.1;;fpgc"}, "16S-rrsB;;1;;CP067250.1;;yhxh": {"type": "seq_region", "phenotypes": [], "ref_database": ["PointFinder-4.1.1"], "gene": true, "ref_id": "16S-rrsB_1_CP067250.1", "name": "16S-rrsB", "ref_acc": "CP067250.1", "identity": 99.54604409857328, "alignment_length": 1542, "ref_seq_length": 1542, "ref_start_pos": 1, "ref_end_pos": 1542, "query_id": "contig_1_np1212 4701118", "query_start_pos": 1474758, "query_end_pos": 1476299, "pmids": [], "notes": [], "coverage": 100.0, "grade": 2, "key": "16S-rrsB;;1;;CP067250.1;;yhxh"}, "16S-rrsB;;1;;CP067250.1;;ckdu": {"type": "seq_region", "phenotypes": [], "ref_database": ["PointFinder-4.1.1"], "gene": true, "ref_id": "16S-rrsB_1_CP067250.1", "name": "16S-rrsB", "ref_acc": "CP067250.1", "identity": 99.22229423201556, "alignment_length": 1543, "ref_seq_length": 1542, "ref_start_pos": 1, "ref_end_pos": 1542, "query_id": "contig_1_np1212 4701118", "query_start_pos": 766551, "query_end_pos": 768092, "pmids": [], "notes": [], "coverage": 99.93514915693905, "grade": 1, "key": "16S-rrsB;;1;;CP067250.1;;ckdu"}, "16S-rrsB;;1;;CP067250.1;;tgqt": {"type": "seq_region", "phenotypes": [], "ref_database": ["PointFinder-4.1.1"], "gene": true, "ref_id": "16S-rrsB_1_CP067250.1", "name": "16S-rrsB", "ref_acc": "CP067250.1", "identity": 99.15748541801686, "alignment_length": 1543, "ref_seq_length": 1542, "ref_start_pos": 1, "ref_end_pos": 1542, "query_id": "contig_1_np1212 4701118", "query_start_pos": 4663214, "query_end_pos": 4664755, "pmids": [], "notes": [], "coverage": 99.93514915693905, "grade": 1, "key": "16S-rrsB;;1;;CP067250.1;;tgqt"}, "16S-rrsC;;1;;CP053603.1": {"type": "seq_region", "phenotypes": [], "ref_database": ["PointFinder-4.1.1"], "gene": true, "ref_id": "16S-rrsC_1_CP053603.1", "name": "16S-rrsC", "ref_acc": "CP053603.1", "identity": 99.93514915693905, "alignment_length": 1542, "ref_seq_length": 1542, "ref_start_pos": 1, "ref_end_pos": 1542, "query_id": "contig_1_np1212 4701118", "query_start_pos": 143966, "query_end_pos": 145507, "pmids": [], "notes": [], "coverage": 100.0, "grade": 2, "key": "16S-rrsC;;1;;CP053603.1"}, "16S-rrsC;;1;;CP053603.1;;jjci": {"type": "seq_region", "phenotypes": [], "ref_database": ["PointFinder-4.1.1"], "gene": true, "ref_id": "16S-rrsC_1_CP053603.1", "name": "16S-rrsC", "ref_acc": "CP053603.1", "identity": 99.80544747081711, "alignment_length": 1542, "ref_seq_length": 1542, "ref_start_pos": 1, "ref_end_pos": 1542, "query_id": "contig_1_np1212 4701118", "query_start_pos": 4002357, "query_end_pos": 4003898, "pmids": [], "notes": [], "coverage": 100.0, "grade": 2, "key": "16S-rrsC;;1;;CP053603.1;;jjci"}, "16S-rrsC;;1;;CP053603.1;;ptyi": {"type": "seq_region", "phenotypes": [], "ref_database": ["PointFinder-4.1.1"], "gene": true, "ref_id": "16S-rrsC_1_CP053603.1", "name": "16S-rrsC", "ref_acc": "CP053603.1", "identity": 99.80544747081711, "alignment_length": 1542, "ref_seq_length": 1542, "ref_start_pos": 1, "ref_end_pos": 1542, "query_id": "contig_1_np1212 4701118", "query_start_pos": 1474758, "query_end_pos": 1476299, "pmids": [], "notes": [], "coverage": 100.0, "grade": 2, "key": "16S-rrsC;;1;;CP053603.1;;ptyi"}, "16S-rrsC;;1;;CP053603.1;;twsx": {"type": "seq_region", "phenotypes": [], "ref_database": ["PointFinder-4.1.1"], "gene": true, "ref_id": "16S-rrsC_1_CP053603.1", "name": "16S-rrsC", "ref_acc": "CP053603.1", "identity": 99.48152948801037, "alignment_length": 1543, "ref_seq_length": 1542, "ref_start_pos": 1, "ref_end_pos": 1542, "query_id": "contig_1_np1212 4701118", "query_start_pos": 766551, "query_end_pos": 768092, "pmids": [], "notes": [], "coverage": 99.93514915693905, "grade": 1, "key": "16S-rrsC;;1;;CP053603.1;;twsx"}, "16S-rrsC;;1;;CP053603.1;;dqme": {"type": "seq_region", "phenotypes": [], "ref_database": ["PointFinder-4.1.1"], "gene": true, "ref_id": "16S-rrsC_1_CP053603.1", "name": "16S-rrsC", "ref_acc": "CP053603.1", "identity": 99.48119325551232, "alignment_length": 1542, "ref_seq_length": 1542, "ref_start_pos": 1, "ref_end_pos": 1542, "query_id": "contig_1_np1212 4701118", "query_start_pos": 242520, "query_end_pos": 244061, "pmids": [], "notes": [], "coverage": 100.0, "grade": 2, "key": "16S-rrsC;;1;;CP053603.1;;dqme"}, "16S-rrsC;;1;;CP053603.1;;afjs": {"type": "seq_region", "phenotypes": [], "ref_database": ["PointFinder-4.1.1"], "gene": true, "ref_id": "16S-rrsC_1_CP053603.1", "name": "16S-rrsC", "ref_acc": "CP053603.1", "identity": 99.41634241245137, "alignment_length": 1542, "ref_seq_length": 1542, "ref_start_pos": 1, "ref_end_pos": 1542, "query_id": "contig_1_np1212 4701118", "query_start_pos": 3478, "query_end_pos": 5019, "pmids": [], "notes": [], "coverage": 100.0, "grade": 2, "key": "16S-rrsC;;1;;CP053603.1;;afjs"}, "16S-rrsC;;1;;CP053603.1;;tgeq": {"type": "seq_region", "phenotypes": [], "ref_database": ["PointFinder-4.1.1"], "gene": true, "ref_id": "16S-rrsC_1_CP053603.1", "name": "16S-rrsC", "ref_acc": "CP053603.1", "identity": 99.02786779001944, "alignment_length": 1543, "ref_seq_length": 1542, "ref_start_pos": 1, "ref_end_pos": 1542, "query_id": "contig_1_np1212 4701118", "query_start_pos": 4663214, "query_end_pos": 4664755, "pmids": [], "notes": [], "coverage": 99.93514915693905, "grade": 1, "key": "16S-rrsC;;1;;CP053603.1;;tgeq"}, "16S-rrsH;;1;;CP053603.1": {"type": "seq_region", "phenotypes": [], "ref_database": ["PointFinder-4.1.1"], "gene": true, "ref_id": "16S-rrsH_1_CP053603.1", "name": "16S-rrsH", "ref_acc": "CP053603.1", "identity": 99.61089494163424, "alignment_length": 1542, "ref_seq_length": 1542, "ref_start_pos": 1, "ref_end_pos": 1542, "query_id": "contig_1_np1212 4701118", "query_start_pos": 766551, "query_end_pos": 768092, "pmids": [], "notes": [], "coverage": 100.0, "grade": 2, "key": "16S-rrsH;;1;;CP053603.1"}, "16S-rrsH;;1;;CP053603.1;;tcvt": {"type": "seq_region", "phenotypes": [], "ref_database": ["PointFinder-4.1.1"], "gene": true, "ref_id": "16S-rrsH_1_CP053603.1", "name": "16S-rrsH", "ref_acc": "CP053603.1", "identity": 99.54604409857328, "alignment_length": 1542, "ref_seq_length": 1542, "ref_start_pos": 1, "ref_end_pos": 1542, "query_id": "contig_1_np1212 4701118", "query_start_pos": 4663214, "query_end_pos": 4664755, "pmids": [], "notes": [], "coverage": 100.0, "grade": 2, "key": "16S-rrsH;;1;;CP053603.1;;tcvt"}, "16S-rrsH;;1;;CP053603.1;;ghgv": {"type": "seq_region", "phenotypes": [], "ref_database": ["PointFinder-4.1.1"], "gene": true, "ref_id": "16S-rrsH_1_CP053603.1", "name": "16S-rrsH", "ref_acc": "CP053603.1", "identity": 99.28710304601425, "alignment_length": 1543, "ref_seq_length": 1542, "ref_start_pos": 1, "ref_end_pos": 1542, "query_id": "contig_1_np1212 4701118", "query_start_pos": 4002357, "query_end_pos": 4003898, "pmids": [], "notes": [], "coverage": 99.93514915693905, "grade": 1, "key": "16S-rrsH;;1;;CP053603.1;;ghgv"}, "16S-rrsH;;1;;CP053603.1;;ogcj": {"type": "seq_region", "phenotypes": [], "ref_database": ["PointFinder-4.1.1"], "gene": true, "ref_id": "16S-rrsH_1_CP053603.1", "name": "16S-rrsH", "ref_acc": "CP053603.1", "identity": 99.28710304601425, "alignment_length": 1543, "ref_seq_length": 1542, "ref_start_pos": 1, "ref_end_pos": 1542, "query_id": "contig_1_np1212 4701118", "query_start_pos": 3478, "query_end_pos": 5019, "pmids": [], "notes": [], "coverage": 99.93514915693905, "grade": 1, "key": "16S-rrsH;;1;;CP053603.1;;ogcj"}, "16S-rrsH;;1;;CP053603.1;;snam": {"type": "seq_region", "phenotypes": [], "ref_database": ["PointFinder-4.1.1"], "gene": true, "ref_id": "16S-rrsH_1_CP053603.1", "name": "16S-rrsH", "ref_acc": "CP053603.1", "identity": 99.15748541801686, "alignment_length": 1543, "ref_seq_length": 1542, "ref_start_pos": 1, "ref_end_pos": 1542, "query_id": "contig_1_np1212 4701118", "query_start_pos": 143966, "query_end_pos": 145507, "pmids": [], "notes": [], "coverage": 99.93514915693905, "grade": 1, "key": "16S-rrsH;;1;;CP053603.1;;snam"}, "16S-rrsH;;1;;CP053603.1;;kumd": {"type": "seq_region", "phenotypes": [], "ref_database": ["PointFinder-4.1.1"], "gene": true, "ref_id": "16S-rrsH_1_CP053603.1", "name": "16S-rrsH", "ref_acc": "CP053603.1", "identity": 99.09267660401815, "alignment_length": 1543, "ref_seq_length": 1542, "ref_start_pos": 1, "ref_end_pos": 1542, "query_id": "contig_1_np1212 4701118", "query_start_pos": 242520, "query_end_pos": 244061, "pmids": [], "notes": [], "coverage": 99.93514915693905, "grade": 1, "key": "16S-rrsH;;1;;CP053603.1;;kumd"}, "16S-rrsH;;1;;CP053603.1;;gibe": {"type": "seq_region", "phenotypes": [], "ref_database": ["PointFinder-4.1.1"], "gene": true, "ref_id": "16S-rrsH_1_CP053603.1", "name": "16S-rrsH", "ref_acc": "CP053603.1", "identity": 99.02786779001944, "alignment_length": 1543, "ref_seq_length": 1542, "ref_start_pos": 1, "ref_end_pos": 1542, "query_id": "contig_1_np1212 4701118", "query_start_pos": 1474758, "query_end_pos": 1476299, "pmids": [], "notes": [], "coverage": 99.93514915693905, "grade": 1, "key": "16S-rrsH;;1;;CP053603.1;;gibe"}, "rpoB;;1;;CP047010.1": {"type": "seq_region", "phenotypes": [], "ref_database": ["PointFinder-4.1.1"], "gene": true, "ref_id": "rpoB_1_CP047010.1", "name": "rpoB", "ref_acc": "CP047010.1", "identity": 99.92553983618764, "alignment_length": 4029, "ref_seq_length": 4029, "ref_start_pos": 1, "ref_end_pos": 4029, "query_id": "contig_1_np1212 4701118", "query_start_pos": 4687607, "query_end_pos": 4691635, "pmids": [], "notes": [], "coverage": 100.0, "grade": 2, "key": "rpoB;;1;;CP047010.1"}, "ampC-promoter;;1;;CP037449.1": {"type": "seq_region", "phenotypes": [], "ref_database": ["PointFinder-4.1.1"], "gene": true, "ref_id": "ampC-promoter_1_CP037449.1", "name": "ampC-promoter", "ref_acc": "CP037449.1", "identity": 97.24137931034483, "alignment_length": 145, "ref_seq_length": 145, "ref_start_pos": 1, "ref_end_pos": 145, "query_id": "contig_1_np1212 4701118", "query_start_pos": 4499449, "query_end_pos": 4499593, "pmids": [], "notes": [], "coverage": 100.0, "grade": 2, "key": "ampC-promoter;;1;;CP037449.1"}}, "seq_variations": {}, "phenotypes": {"gentamicin": {"type": "phenotype", "amr_classes": ["aminoglycoside"], "seq_regions": ["aac(3)-IId;;1;;EU022314", "rmtC;;1;;AB194779"], "seq_variations": [], "ref_database": ["ResFinder-2.4.0"], "category": "amr", "key": "gentamicin", "amr_resistance": "gentamicin", "amr_resistant": true, "amr_species_relevant": true, "grade": 3}, "tobramycin": {"type": "phenotype", "amr_classes": ["aminoglycoside"], "seq_regions": ["aac(3)-IId;;1;;EU022314", "rmtC;;1;;AB194779", "aac(6')-Ib3;;1;;X60321"], "seq_variations": [], "ref_database": ["ResFinder-2.4.0"], "category": "amr", "key": "tobramycin", "amr_resistance": "tobramycin", "amr_resistant": true, "amr_species_relevant": true, "grade": 3}, "streptomycin": {"type": "phenotype", "amr_classes": ["aminoglycoside"], "seq_regions": [], "seq_variations": [], "ref_database": [], "category": "amr", "key": "streptomycin", "amr_resistance": "streptomycin", "amr_resistant": false, "amr_species_relevant": false, "grade": 0}, "amikacin": {"type": "phenotype", "amr_classes": ["aminoglycoside"], "seq_regions": ["rmtC;;1;;AB194779", "aac(6')-Ib3;;1;;X60321"], "seq_variations": [], "ref_database": ["ResFinder-2.4.0"], "category": "amr", "key": "amikacin", "amr_resistance": "amikacin", "amr_resistant": true, "amr_species_relevant": true, "grade": 3}, "isepamicin": {"type": "phenotype", "amr_classes": ["aminoglycoside"], "seq_regions": ["rmtC;;1;;AB194779"], "seq_variations": [], "ref_database": ["ResFinder-2.4.0"], "category": "amr", "key": "isepamicin", "amr_resistance": "isepamicin", "amr_resistant": true, "amr_species_relevant": false, "grade": 3}, "dibekacin": {"type": "phenotype", "amr_classes": ["aminoglycoside"], "seq_regions": ["aac(3)-IId;;1;;EU022314"], "seq_variations": [], "ref_database": ["ResFinder-2.4.0"], "category": "amr", "key": "dibekacin", "amr_resistance": "dibekacin", "amr_resistant": true, "amr_species_relevant": false, "grade": 2}, "kanamycin": {"type": "phenotype", "amr_classes": ["aminoglycoside"], "seq_regions": ["rmtC;;1;;AB194779"], "seq_variations": [], "ref_database": ["ResFinder-2.4.0"], "category": "amr", "key": "kanamycin", "amr_resistance": "kanamycin", "amr_resistant": true, "amr_species_relevant": false, "grade": 3}, "neomycin": {"type": "phenotype", "amr_classes": ["aminoglycoside"], "seq_regions": [], "seq_variations": [], "ref_database": [], "category": "amr", "key": "neomycin", "amr_resistance": "neomycin", "amr_resistant": false, "amr_species_relevant": false, "grade": 0}, "lividomycin": {"type": "phenotype", "amr_classes": ["aminoglycoside"], "seq_regions": [], "seq_variations": [], "ref_database": [], "category": "amr", "key": "lividomycin", "amr_resistance": "lividomycin", "amr_resistant": false, "amr_species_relevant": false, "grade": 0}, "paromomycin": {"type": "phenotype", "amr_classes": ["aminoglycoside"], "seq_regions": [], "seq_variations": [], "ref_database": [], "category": "amr", "key": "paromomycin", "amr_resistance": "paromomycin", "amr_resistant": false, "amr_species_relevant": false, "grade": 0}, "ribostamycin": {"type": "phenotype", "amr_classes": ["aminoglycoside"], "seq_regions": [], "seq_variations": [], "ref_database": [], "category": "amr", "key": "ribostamycin", "amr_resistance": "ribostamycin", "amr_resistant": false, "amr_species_relevant": false, "grade": 0}, "unknown aminoglycoside": {"type": "phenotype", "amr_classes": ["aminoglycoside"], "seq_regions": [], "seq_variations": [], "ref_database": [], "category": "amr", "key": "unknown aminoglycoside", "amr_resistance": "unknown aminoglycoside", "amr_resistant": false, "amr_species_relevant": false, "grade": 0}, "butiromycin": {"type": "phenotype", "amr_classes": ["aminoglycoside"], "seq_regions": [], "seq_variations": [], "ref_database": [], "category": "amr", "key": "butiromycin", "amr_resistance": "butiromycin", "amr_resistant": false, "amr_species_relevant": false, "grade": 0}, "butirosin": {"type": "phenotype", "amr_classes": ["aminoglycoside"], "seq_regions": [], "seq_variations": [], "ref_database": [], "category": "amr", "key": "butirosin", "amr_resistance": "butirosin", "amr_resistant": false, "amr_species_relevant": false, "grade": 0}, "hygromycin": {"type": "phenotype", "amr_classes": ["aminoglycoside"], "seq_regions": [], "seq_variations": [], "ref_database": [], "category": "amr", "key": "hygromycin", "amr_resistance": "hygromycin", "amr_resistant": false, "amr_species_relevant": false, "grade": 0}, "netilmicin": {"type": "phenotype", "amr_classes": ["aminoglycoside"], "seq_regions": ["aac(3)-IId;;1;;EU022314"], "seq_variations": [], "ref_database": ["ResFinder-2.4.0"], "category": "amr", "key": "netilmicin", "amr_resistance": "netilmicin", "amr_resistant": true, "amr_species_relevant": false, "grade": 2}, "apramycin": {"type": "phenotype", "amr_classes": ["aminoglycoside"], "seq_regions": ["aac(3)-IId;;1;;EU022314"], "seq_variations": [], "ref_database": ["ResFinder-2.4.0"], "category": "amr", "key": "apramycin", "amr_resistance": "apramycin", "amr_resistant": true, "amr_species_relevant": false, "grade": 2}, "sisomicin": {"type": "phenotype", "amr_classes": ["aminoglycoside"], "seq_regions": ["aac(3)-IId;;1;;EU022314", "rmtC;;1;;AB194779"], "seq_variations": [], "ref_database": ["ResFinder-2.4.0"], "category": "amr", "key": "sisomicin", "amr_resistance": "sisomicin", "amr_resistant": true, "amr_species_relevant": false, "grade": 3}, "arbekacin": {"type": "phenotype", "amr_classes": ["aminoglycoside"], "seq_regions": ["rmtC;;1;;AB194779"], "seq_variations": [], "ref_database": ["ResFinder-2.4.0"], "category": "amr", "key": "arbekacin", "amr_resistance": "arbekacin", "amr_resistant": true, "amr_species_relevant": false, "grade": 3}, "kasugamycin": {"type": "phenotype", "amr_classes": ["aminoglycoside"], "seq_regions": [], "seq_variations": [], "ref_database": [], "category": "amr", "key": "kasugamycin", "amr_resistance": "kasugamycin", "amr_resistant": false, "amr_species_relevant": false, "grade": 0}, "astromicin": {"type": "phenotype", "amr_classes": ["aminoglycoside"], "seq_regions": [], "seq_variations": [], "ref_database": [], "category": "amr", "key": "astromicin", "amr_resistance": "astromicin", "amr_resistant": false, "amr_species_relevant": false, "grade": 0}, "fortimicin": {"type": "phenotype", "amr_classes": ["aminoglycoside"], "seq_regions": [], "seq_variations": [], "ref_database": [], "category": "amr", "key": "fortimicin", "amr_resistance": "fortimicin", "amr_resistant": false, "amr_species_relevant": false, "grade": 0}, "g418": {"type": "phenotype", "amr_classes": ["aminoglycoside"], "seq_regions": [], "seq_variations": [], "ref_database": [], "category": "amr", "key": "g418", "amr_resistance": "g418", "amr_resistant": false, "amr_species_relevant": false, "grade": 0}, "gentamicin c": {"type": "phenotype", "amr_classes": ["aminoglycoside"], "seq_regions": [], "seq_variations": [], "ref_database": [], "category": "amr", "key": "gentamicin c", "amr_resistance": "gentamicin c", "amr_resistant": false, "amr_species_relevant": false, "grade": 0}, "kanamycin a": {"type": "phenotype", "amr_classes": ["aminoglycoside"], "seq_regions": [], "seq_variations": [], "ref_database": [], "category": "amr", "key": "kanamycin a", "amr_resistance": "kanamycin a", "amr_resistant": false, "amr_species_relevant": false, "grade": 0}, "spectinomycin": {"type": "phenotype", "amr_classes": ["aminocyclitol"], "seq_regions": [], "seq_variations": [], "ref_database": [], "category": "amr", "key": "spectinomycin", "amr_resistance": "spectinomycin", "amr_resistant": false, "amr_species_relevant": false, "grade": 0}, "fluoroquinolone": {"type": "phenotype", "amr_classes": ["quinolone"], "seq_regions": [], "seq_variations": [], "ref_database": [], "category": "amr", "key": "fluoroquinolone", "amr_resistance": "fluoroquinolone", "amr_resistant": false, "amr_species_relevant": false, "grade": 0}, "ciprofloxacin": {"type": "phenotype", "amr_classes": ["quinolone"], "seq_regions": [], "seq_variations": [], "ref_database": [], "category": "amr", "key": "ciprofloxacin", "amr_resistance": "ciprofloxacin", "amr_resistant": false, "amr_species_relevant": true, "grade": 0}, "unknown quinolone": {"type": "phenotype", "amr_classes": ["quinolone"], "seq_regions": [], "seq_variations": [], "ref_database": [], "category": "amr", "key": "unknown quinolone", "amr_resistance": "unknown quinolone", "amr_resistant": false, "amr_species_relevant": false, "grade": 0}, "nalidixic acid": {"type": "phenotype", "amr_classes": ["quinolone"], "seq_regions": [], "seq_variations": [], "ref_database": [], "category": "amr", "key": "nalidixic acid", "amr_resistance": "nalidixic acid", "amr_resistant": false, "amr_species_relevant": true, "grade": 0}, "amoxicillin": {"type": "phenotype", "amr_classes": ["beta-lactam"], "seq_regions": ["blaCMY-6;;1;;AJ011293", "blaNDM-1;;1;;FN396876"], "seq_variations": [], "ref_database": ["ResFinder-2.4.0"], "category": "amr", "key": "amoxicillin", "amr_resistance": "amoxicillin", "amr_resistant": true, "amr_species_relevant": false, "grade": 3}, "amoxicillin+clavulanic acid": {"type": "phenotype", "amr_classes": ["beta-lactam"], "seq_regions": ["blaCMY-6;;1;;AJ011293", "blaNDM-1;;1;;FN396876"], "seq_variations": [], "ref_database": ["ResFinder-2.4.0"], "category": "amr", "key": "amoxicillin+clavulanic acid", "amr_resistance": "amoxicillin+clavulanic acid", "amr_resistant": true, "amr_species_relevant": false, "grade": 3}, "ampicillin": {"type": "phenotype", "amr_classes": ["beta-lactam"], "seq_regions": ["blaCMY-6;;1;;AJ011293", "blaNDM-1;;1;;FN396876"], "seq_variations": [], "ref_database": ["ResFinder-2.4.0"], "category": "amr", "key": "ampicillin", "amr_resistance": "ampicillin", "amr_resistant": true, "amr_species_relevant": true, "grade": 3}, "ampicillin+clavulanic acid": {"type": "phenotype", "amr_classes": ["beta-lactam"], "seq_regions": ["blaCMY-6;;1;;AJ011293", "blaNDM-1;;1;;FN396876"], "seq_variations": [], "ref_database": ["ResFinder-2.4.0"], "category": "amr", "key": "ampicillin+clavulanic acid", "amr_resistance": "ampicillin+clavulanic acid", "amr_resistant": true, "amr_species_relevant": true, "grade": 3}, "cefepime": {"type": "phenotype", "amr_classes": ["beta-lactam"], "seq_regions": ["blaNDM-1;;1;;FN396876"], "seq_variations": [], "ref_database": ["ResFinder-2.4.0"], "category": "amr", "key": "cefepime", "amr_resistance": "cefepime", "amr_resistant": true, "amr_species_relevant": true, "grade": 3}, "cefixime": {"type": "phenotype", "amr_classes": ["beta-lactam"], "seq_regions": ["blaNDM-1;;1;;FN396876"], "seq_variations": [], "ref_database": ["ResFinder-2.4.0"], "category": "amr", "key": "cefixime", "amr_resistance": "cefixime", "amr_resistant": true, "amr_species_relevant": false, "grade": 3}, "cefotaxime": {"type": "phenotype", "amr_classes": ["beta-lactam"], "seq_regions": ["blaCMY-6;;1;;AJ011293", "blaNDM-1;;1;;FN396876"], "seq_variations": [], "ref_database": ["ResFinder-2.4.0"], "category": "amr", "key": "cefotaxime", "amr_resistance": "cefotaxime", "amr_resistant": true, "amr_species_relevant": true, "grade": 3}, "cefoxitin": {"type": "phenotype", "amr_classes": ["beta-lactam"], "seq_regions": ["blaCMY-6;;1;;AJ011293", "blaNDM-1;;1;;FN396876"], "seq_variations": [], "ref_database": ["ResFinder-2.4.0"], "category": "amr", "key": "cefoxitin", "amr_resistance": "cefoxitin", "amr_resistant": true, "amr_species_relevant": true, "grade": 3}, "ceftazidime": {"type": "phenotype", "amr_classes": ["beta-lactam"], "seq_regions": ["blaCMY-6;;1;;AJ011293", "blaNDM-1;;1;;FN396876"], "seq_variations": [], "ref_database": ["ResFinder-2.4.0"], "category": "amr", "key": "ceftazidime", "amr_resistance": "ceftazidime", "amr_resistant": true, "amr_species_relevant": true, "grade": 3}, "ertapenem": {"type": "phenotype", "amr_classes": ["beta-lactam"], "seq_regions": ["blaNDM-1;;1;;FN396876"], "seq_variations": [], "ref_database": ["ResFinder-2.4.0"], "category": "amr", "key": "ertapenem", "amr_resistance": "ertapenem", "amr_resistant": true, "amr_species_relevant": true, "grade": 3}, "imipenem": {"type": "phenotype", "amr_classes": ["beta-lactam"], "seq_regions": ["blaNDM-1;;1;;FN396876"], "seq_variations": [], "ref_database": ["ResFinder-2.4.0"], "category": "amr", "key": "imipenem", "amr_resistance": "imipenem", "amr_resistant": true, "amr_species_relevant": true, "grade": 3}, "meropenem": {"type": "phenotype", "amr_classes": ["beta-lactam"], "seq_regions": ["blaNDM-1;;1;;FN396876"], "seq_variations": [], "ref_database": ["ResFinder-2.4.0"], "category": "amr", "key": "meropenem", "amr_resistance": "meropenem", "amr_resistant": true, "amr_species_relevant": true, "grade": 3}, "piperacillin": {"type": "phenotype", "amr_classes": ["beta-lactam"], "seq_regions": ["blaCMY-6;;1;;AJ011293", "blaNDM-1;;1;;FN396876"], "seq_variations": [], "ref_database": ["ResFinder-2.4.0"], "category": "amr", "key": "piperacillin", "amr_resistance": "piperacillin", "amr_resistant": true, "amr_species_relevant": false, "grade": 3}, "piperacillin+tazobactam": {"type": "phenotype", "amr_classes": ["beta-lactam"], "seq_regions": ["blaCMY-6;;1;;AJ011293", "blaNDM-1;;1;;FN396876"], "seq_variations": [], "ref_database": ["ResFinder-2.4.0"], "category": "amr", "key": "piperacillin+tazobactam", "amr_resistance": "piperacillin+tazobactam", "amr_resistant": true, "amr_species_relevant": true, "grade": 3}, "unknown beta-lactam": {"type": "phenotype", "amr_classes": ["beta-lactam"], "seq_regions": [], "seq_variations": [], "ref_database": [], "category": "amr", "key": "unknown beta-lactam", "amr_resistance": "unknown beta-lactam", "amr_resistant": false, "amr_species_relevant": false, "grade": 0}, "aztreonam": {"type": "phenotype", "amr_classes": ["beta-lactam"], "seq_regions": [], "seq_variations": [], "ref_database": [], "category": "amr", "key": "aztreonam", "amr_resistance": "aztreonam", "amr_resistant": false, "amr_species_relevant": false, "grade": 0}, "cefotaxime+clavulanic acid": {"type": "phenotype", "amr_classes": ["beta-lactam"], "seq_regions": [], "seq_variations": [], "ref_database": [], "category": "amr", "key": "cefotaxime+clavulanic acid", "amr_resistance": "cefotaxime+clavulanic acid", "amr_resistant": false, "amr_species_relevant": false, "grade": 0}, "temocillin": {"type": "phenotype", "amr_classes": ["beta-lactam"], "seq_regions": ["blaNDM-1;;1;;FN396876"], "seq_variations": [], "ref_database": ["ResFinder-2.4.0"], "category": "amr", "key": "temocillin", "amr_resistance": "temocillin", "amr_resistant": true, "amr_species_relevant": true, "grade": 3}, "ticarcillin": {"type": "phenotype", "amr_classes": ["beta-lactam"], "seq_regions": ["blaCMY-6;;1;;AJ011293"], "seq_variations": [], "ref_database": ["ResFinder-2.4.0"], "category": "amr", "key": "ticarcillin", "amr_resistance": "ticarcillin", "amr_resistant": true, "amr_species_relevant": false, "grade": 3}, "ceftazidime+avibactam": {"type": "phenotype", "amr_classes": ["beta-lactam"], "seq_regions": ["blaNDM-1;;1;;FN396876"], "seq_variations": [], "ref_database": ["ResFinder-2.4.0"], "category": "amr", "key": "ceftazidime+avibactam", "amr_resistance": "ceftazidime+avibactam", "amr_resistant": true, "amr_species_relevant": false, "grade": 3}, "penicillin": {"type": "phenotype", "amr_classes": ["beta-lactam"], "seq_regions": [], "seq_variations": [], "ref_database": [], "category": "amr", "key": "penicillin", "amr_resistance": "penicillin", "amr_resistant": false, "amr_species_relevant": false, "grade": 0}, "ceftriaxone": {"type": "phenotype", "amr_classes": ["beta-lactam"], "seq_regions": [], "seq_variations": [], "ref_database": [], "category": "amr", "key": "ceftriaxone", "amr_resistance": "ceftriaxone", "amr_resistant": false, "amr_species_relevant": false, "grade": 0}, "ticarcillin+clavulanic acid": {"type": "phenotype", "amr_classes": ["beta-lactam"], "seq_regions": ["blaCMY-6;;1;;AJ011293"], "seq_variations": [], "ref_database": ["ResFinder-2.4.0"], "category": "amr", "key": "ticarcillin+clavulanic acid", "amr_resistance": "ticarcillin+clavulanic acid", "amr_resistant": true, "amr_species_relevant": false, "grade": 3}, "cephalothin": {"type": "phenotype", "amr_classes": ["beta-lactam"], "seq_regions": [], "seq_variations": [], "ref_database": [], "category": "amr", "key": "cephalothin", "amr_resistance": "cephalothin", "amr_resistant": false, "amr_species_relevant": false, "grade": 0}, "piperacillin+clavulanic acid": {"type": "phenotype", "amr_classes": ["beta-lactam"], "seq_regions": [], "seq_variations": [], "ref_database": [], "category": "amr", "key": "piperacillin+clavulanic acid", "amr_resistance": "piperacillin+clavulanic acid", "amr_resistant": false, "amr_species_relevant": false, "grade": 0}, "ceftiofur": {"type": "phenotype", "amr_classes": ["under_development"], "seq_regions": [], "seq_variations": [], "ref_database": [], "category": "amr", "key": "ceftiofur", "amr_resistance": "ceftiofur", "amr_resistant": false, "amr_species_relevant": false, "grade": 0}, "sulfamethoxazole": {"type": "phenotype", "amr_classes": ["folate pathway antagonist"], "seq_regions": ["sul1;;2;;U12338"], "seq_variations": [], "ref_database": ["ResFinder-2.4.0"], "category": "amr", "key": "sulfamethoxazole", "amr_resistance": "sulfamethoxazole", "amr_resistant": true, "amr_species_relevant": true, "grade": 3}, "trimethoprim": {"type": "phenotype", "amr_classes": ["folate pathway antagonist"], "seq_regions": [], "seq_variations": [], "ref_database": [], "category": "amr", "key": "trimethoprim", "amr_resistance": "trimethoprim", "amr_resistant": false, "amr_species_relevant": true, "grade": 0}, "fosfomycin": {"type": "phenotype", "amr_classes": ["fosfomycin"], "seq_regions": [], "seq_variations": [], "ref_database": [], "category": "amr", "key": "fosfomycin", "amr_resistance": "fosfomycin", "amr_resistant": false, "amr_species_relevant": true, "grade": 0}, "vancomycin": {"type": "phenotype", "amr_classes": ["glycopeptide"], "seq_regions": [], "seq_variations": [], "ref_database": [], "category": "amr", "key": "vancomycin", "amr_resistance": "vancomycin", "amr_resistant": false, "amr_species_relevant": false, "grade": 0}, "teicoplanin": {"type": "phenotype", "amr_classes": ["glycopeptide"], "seq_regions": [], "seq_variations": [], "ref_database": [], "category": "amr", "key": "teicoplanin", "amr_resistance": "teicoplanin", "amr_resistant": false, "amr_species_relevant": false, "grade": 0}, "bleomycin": {"type": "phenotype", "amr_classes": ["glycopeptide"], "seq_regions": [], "seq_variations": [], "ref_database": [], "category": "amr", "key": "bleomycin", "amr_resistance": "bleomycin", "amr_resistant": false, "amr_species_relevant": false, "grade": 0}, "lincomycin": {"type": "phenotype", "amr_classes": ["lincosamide"], "seq_regions": [], "seq_variations": [], "ref_database": [], "category": "amr", "key": "lincomycin", "amr_resistance": "lincomycin", "amr_resistant": false, "amr_species_relevant": false, "grade": 0}, "clindamycin": {"type": "phenotype", "amr_classes": ["lincosamide"], "seq_regions": [], "seq_variations": [], "ref_database": [], "category": "amr", "key": "clindamycin", "amr_resistance": "clindamycin", "amr_resistant": false, "amr_species_relevant": false, "grade": 0}, "dalfopristin": {"type": "phenotype", "amr_classes": ["streptogramin a"], "seq_regions": [], "seq_variations": [], "ref_database": [], "category": "amr", "key": "dalfopristin", "amr_resistance": "dalfopristin", "amr_resistant": false, "amr_species_relevant": false, "grade": 0}, "pristinamycin iia": {"type": "phenotype", "amr_classes": ["streptogramin a"], "seq_regions": [], "seq_variations": [], "ref_database": [], "category": "amr", "key": "pristinamycin iia", "amr_resistance": "pristinamycin iia", "amr_resistant": false, "amr_species_relevant": false, "grade": 0}, "virginiamycin m": {"type": "phenotype", "amr_classes": ["streptogramin a"], "seq_regions": [], "seq_variations": [], "ref_database": [], "category": "amr", "key": "virginiamycin m", "amr_resistance": "virginiamycin m", "amr_resistant": false, "amr_species_relevant": false, "grade": 0}, "quinupristin+dalfopristin": {"type": "phenotype", "amr_classes": ["streptogramin a"], "seq_regions": [], "seq_variations": [], "ref_database": [], "category": "amr", "key": "quinupristin+dalfopristin", "amr_resistance": "quinupristin+dalfopristin", "amr_resistant": false, "amr_species_relevant": false, "grade": 0}, "tiamulin": {"type": "phenotype", "amr_classes": ["pleuromutilin"], "seq_regions": [], "seq_variations": [], "ref_database": [], "category": "amr", "key": "tiamulin", "amr_resistance": "tiamulin", "amr_resistant": false, "amr_species_relevant": false, "grade": 0}, "carbomycin": {"type": "phenotype", "amr_classes": ["macrolide"], "seq_regions": [], "seq_variations": [], "ref_database": [], "category": "amr", "key": "carbomycin", "amr_resistance": "carbomycin", "amr_resistant": false, "amr_species_relevant": false, "grade": 0}, "erythromycin": {"type": "phenotype", "amr_classes": ["macrolide"], "seq_regions": [], "seq_variations": [], "ref_database": [], "category": "amr", "key": "erythromycin", "amr_resistance": "erythromycin", "amr_resistant": false, "amr_species_relevant": false, "grade": 0}, "azithromycin": {"type": "phenotype", "amr_classes": ["macrolide"], "seq_regions": [], "seq_variations": [], "ref_database": [], "category": "amr", "key": "azithromycin", "amr_resistance": "azithromycin", "amr_resistant": false, "amr_species_relevant": true, "grade": 0}, "oleandomycin": {"type": "phenotype", "amr_classes": ["macrolide"], "seq_regions": [], "seq_variations": [], "ref_database": [], "category": "amr", "key": "oleandomycin", "amr_resistance": "oleandomycin", "amr_resistant": false, "amr_species_relevant": false, "grade": 0}, "spiramycin": {"type": "phenotype", "amr_classes": ["macrolide"], "seq_regions": [], "seq_variations": [], "ref_database": [], "category": "amr", "key": "spiramycin", "amr_resistance": "spiramycin", "amr_resistant": false, "amr_species_relevant": false, "grade": 0}, "tylosin": {"type": "phenotype", "amr_classes": ["macrolide"], "seq_regions": [], "seq_variations": [], "ref_database": [], "category": "amr", "key": "tylosin", "amr_resistance": "tylosin", "amr_resistant": false, "amr_species_relevant": false, "grade": 0}, "telithromycin": {"type": "phenotype", "amr_classes": ["macrolide"], "seq_regions": [], "seq_variations": [], "ref_database": [], "category": "amr", "key": "telithromycin", "amr_resistance": "telithromycin", "amr_resistant": false, "amr_species_relevant": false, "grade": 0}, "tetracycline": {"type": "phenotype", "amr_classes": ["tetracycline"], "seq_regions": [], "seq_variations": [], "ref_database": [], "category": "amr", "key": "tetracycline", "amr_resistance": "tetracycline", "amr_resistant": false, "amr_species_relevant": true, "grade": 0}, "doxycycline": {"type": "phenotype", "amr_classes": ["tetracycline"], "seq_regions": [], "seq_variations": [], "ref_database": [], "category": "amr", "key": "doxycycline", "amr_resistance": "doxycycline", "amr_resistant": false, "amr_species_relevant": false, "grade": 0}, "minocycline": {"type": "phenotype", "amr_classes": ["tetracycline"], "seq_regions": [], "seq_variations": [], "ref_database": [], "category": "amr", "key": "minocycline", "amr_resistance": "minocycline", "amr_resistant": false, "amr_species_relevant": false, "grade": 0}, "tigecycline": {"type": "phenotype", "amr_classes": ["tetracycline"], "seq_regions": [], "seq_variations": [], "ref_database": [], "category": "amr", "key": "tigecycline", "amr_resistance": "tigecycline", "amr_resistant": false, "amr_species_relevant": true, "grade": 0}, "quinupristin": {"type": "phenotype", "amr_classes": ["streptogramin b"], "seq_regions": [], "seq_variations": [], "ref_database": [], "category": "amr", "key": "quinupristin", "amr_resistance": "quinupristin", "amr_resistant": false, "amr_species_relevant": false, "grade": 0}, "pristinamycin ia": {"type": "phenotype", "amr_classes": ["streptogramin b"], "seq_regions": [], "seq_variations": [], "ref_database": [], "category": "amr", "key": "pristinamycin ia", "amr_resistance": "pristinamycin ia", "amr_resistant": false, "amr_species_relevant": false, "grade": 0}, "virginiamycin s": {"type": "phenotype", "amr_classes": ["streptogramin b"], "seq_regions": [], "seq_variations": [], "ref_database": [], "category": "amr", "key": "virginiamycin s", "amr_resistance": "virginiamycin s", "amr_resistant": false, "amr_species_relevant": false, "grade": 0}, "linezolid": {"type": "phenotype", "amr_classes": ["oxazolidinone"], "seq_regions": [], "seq_variations": [], "ref_database": [], "category": "amr", "key": "linezolid", "amr_resistance": "linezolid", "amr_resistant": false, "amr_species_relevant": false, "grade": 0}, "chloramphenicol": {"type": "phenotype", "amr_classes": ["amphenicol"], "seq_regions": [], "seq_variations": [], "ref_database": [], "category": "amr", "key": "chloramphenicol", "amr_resistance": "chloramphenicol", "amr_resistant": false, "amr_species_relevant": true, "grade": 0}, "florfenicol": {"type": "phenotype", "amr_classes": ["amphenicol"], "seq_regions": [], "seq_variations": [], "ref_database": [], "category": "amr", "key": "florfenicol", "amr_resistance": "florfenicol", "amr_resistant": false, "amr_species_relevant": false, "grade": 0}, "colistin": {"type": "phenotype", "amr_classes": ["polymyxin"], "seq_regions": [], "seq_variations": [], "ref_database": [], "category": "amr", "key": "colistin", "amr_resistance": "colistin", "amr_resistant": false, "amr_species_relevant": true, "grade": 0}, "fusidic acid": {"type": "phenotype", "amr_classes": ["steroid antibacterial"], "seq_regions": [], "seq_variations": [], "ref_database": [], "category": "amr", "key": "fusidic acid", "amr_resistance": "fusidic acid", "amr_resistant": false, "amr_species_relevant": false, "grade": 0}, "mupirocin": {"type": "phenotype", "amr_classes": ["pseudomonic acid"], "seq_regions": [], "seq_variations": [], "ref_database": [], "category": "amr", "key": "mupirocin", "amr_resistance": "mupirocin", "amr_resistant": false, "amr_species_relevant": false, "grade": 0}, "rifampicin": {"type": "phenotype", "amr_classes": ["rifamycin"], "seq_regions": [], "seq_variations": [], "ref_database": [], "category": "amr", "key": "rifampicin", "amr_resistance": "rifampicin", "amr_resistant": false, "amr_species_relevant": false, "grade": 0}, "metronidazole": {"type": "phenotype", "amr_classes": ["nitroimidazole"], "seq_regions": [], "seq_variations": [], "ref_database": [], "category": "amr", "key": "metronidazole", "amr_resistance": "metronidazole", "amr_resistant": false, "amr_species_relevant": false, "grade": 0}, "narasin": {"type": "phenotype", "amr_classes": ["ionophores"], "seq_regions": [], "seq_variations": [], "ref_database": [], "category": "amr", "key": "narasin", "amr_resistance": "narasin", "amr_resistant": false, "amr_species_relevant": false, "grade": 0}, "salinomycin": {"type": "phenotype", "amr_classes": ["ionophores"], "seq_regions": [], "seq_variations": [], "ref_database": [], "category": "amr", "key": "salinomycin", "amr_resistance": "salinomycin", "amr_resistant": false, "amr_species_relevant": false, "grade": 0}, "maduramicin": {"type": "phenotype", "amr_classes": ["ionophores"], "seq_regions": [], "seq_variations": [], "ref_database": [], "category": "amr", "key": "maduramicin", "amr_resistance": "maduramicin", "amr_resistant": false, "amr_species_relevant": false, "grade": 0}}, "software_executions": {"50fda280a9c4870d406cc0fc15582db977b1c5ea": {"type": "software_exec", "command": "/opt/conda/envs/amr/lib/python3.12/site-packages/resfinder/__main__.py -ifa cpe069_Eco-NDM1.fasta -s Escherichia coli --acquired --point --outputPath cpe069_Eco_resfinder", "parameters": {"resfinder_root": "/opt/conda/envs/amr/lib/python3.12/site-packages/resfinder/", "env_var_file": "/opt/conda/envs/amr/lib/python3.12/site-packages/resfinder/environment_variables.md", "species_abbr_file": "/opt/conda/envs/amr/lib/python3.12/site-packages/resfinder/species_abbreviations.md", "outputPath": "/home/data/cpe069_Eco_resfinder", "out_json": false, "acquired": true, "point": true, "disinf": false, "species": "escherichia coli", "inputfastq_1": null, "inputfasta": "/home/data/cpe069_Eco-NDM1.fasta", "outPath_res_blast": "/home/data/cpe069_Eco_resfinder/resfinder_blast", "outPath_disinf_blast": "/home/data/cpe069_Eco_resfinder/disinfinder_blast", "outPath_point_blast": "/home/data/cpe069_Eco_resfinder/pointfinder_blast", "sample_name": "cpe069_Eco-NDM1.fasta", "method": "blast", "blast": "blastn", "kma": null, "output_aln": false, "pickle": false, "db_path_res": "/home/data/resfinder_db", "db_path_res_kma": "/home/data/resfinder_db", "db_config_file": "/home/data/resfinder_db/config", "db_notes_file": "/home/data/resfinder_db/notes.txt", "db_panels_file": "/home/data/resfinder_db/phenotype_panels.txt", "rf_gene_cov": 0.6, "rf_gene_id": 0.8, "rf_overlap": 30, "species_dir": "escherichia_coli", "db_path_point_root": "/home/data/pointfinder_db", "db_path_point": "/home/data/pointfinder_db/escherichia_coli", "specific_gene": null, "pf_gene_cov": 0.01, "pf_gene_id": 0.8, "unknown_mut": false, "ignore_indels": false, "ignore_stop_codons": false, "point_file": "/home/data/pointfinder_db/escherichia_coli/phenotypes.txt", "abclassdef_file": "/home/data/resfinder_db/antibiotic_classes.txt", "phenotype_file": "/home/data/resfinder_db/phenotypes.txt", "disinf_file": null, "disclassdef_file": null}, "key": "50fda280a9c4870d406cc0fc15582db977b1c5ea"}}, "aln_hits": {}, "software_name": "ResFinder", "software_version": "4.6.0", "software_commit": "unknown", "run_date": "2025-01-25", "key": "ResFinder-4.6.0", "provided_species": "escherichia coli", "result_summary": "GEN_TOB_AMI_AMP_AML_CEP_CTA_CXI_CTZ_ERT_IMI_MER_PIT_TEM_SME"}